"","seqnames","start","end","width","strand","no.cpgs","min_smoothed_fdr","Stouffer","HMFDR","Fisher","maxdiff","meandiff","overlapping.genes"
"1","chr12",123214554,123215684,1131,"*",13,2.48220953643393e-10,2.02243020855602e-14,0.000823093024148902,6.12369212705881e-13,0.0234321787997076,0.0115056314871868,"HCAR1"
"2","chr4",1243392,1244504,1113,"*",10,2.48220953643393e-10,2.02243020855602e-14,0.00213370508748983,6.12369212705881e-13,0.0481637284010055,0.0252051310370531,"CTBP1-AS2, CTBP1"
"3","chr12",14926317,14927542,1226,"*",14,5.00174083717692e-08,9.98556899531862e-11,0.00247257892260586,1.78446337935511e-10,0.0690855883114831,0.0150998635560733,"H2AFJ"
"4","chr6",33282418,33283328,911,"*",30,5.70158307378485e-08,2.42176164411195e-10,0.0158006672613173,1.78446337935511e-10,-0.0255690009198719,-0.00840492343038195,"ZBTB22"
"5","chr16",1922149,1922425,277,"*",5,2.26520177603605e-05,4.15587360816173e-09,0.000850558193936227,2.04186610398077e-08,0.0146617029149977,0.0085361929604315,"MEIOB"
"6","chr7",27182637,27184094,1458,"*",27,2.78549666732722e-05,4.11539797705201e-09,0.0506053396946699,2.28361003008214e-07,0.0267055352660677,0.0140359679436174,"HOXA-AS3, HOXA3, RP1-170O19.22, HOXA5"
"7","chr17",33759484,33760527,1044,"*",13,3.04420200643955e-05,8.56440291971791e-12,0.0205380400788214,2.9134544732855e-09,-0.037929353748925,-0.0234246585995659,"SLFN12"
"8","chr4",100484858,100485234,377,"*",12,5.34801889826903e-05,3.75156972739313e-07,0.000850558193936227,2.43592770009815e-07,0.0045390722332454,0.00109839325905051,"MTTP, TRMT10A"
"9","chr19",37825307,37826008,702,"*",8,9.04018812214109e-05,1.80664557992081e-09,0.0110192539881748,6.18279577663711e-08,0.0447760626075388,0.0342411286477826,"HKR1"
"10","chr17",8702099,8702868,770,"*",9,0.000158547385452517,9.2887085582612e-09,0.0106583100175114,1.73041391370848e-07,-0.0302347884105576,-0.022981219874373,"MFSD6L"
"11","chr16",8738240,8738608,369,"*",6,0.000203831918086313,1.60281781918712e-07,0.00110152189815126,2.43592770009815e-07,0.0130717754074191,0.00618458477928499,"METTL22"
"12","chr6",143999465,143999715,251,"*",4,0.000215833777593476,1.60083895605879e-06,0.0024311217382942,2.45939392931546e-06,-0.0171142795890773,-0.0102537427705157,"PHACTR2"
"13","chr6",32120203,32120955,753,"*",16,0.000289876289472125,4.69754369616058e-08,0.0224236453312754,7.77534071893827e-07,-0.0223447671391711,-0.00974214034706077,"PRRT1"
"14","chr13",113633379,113634042,664,"*",8,0.0005577309472337,1.71231053422489e-05,0.0024311217382942,1.64811263335807e-06,-0.0250001602185439,-0.00906216913922326,"MCF2L"
"15","chr2",20870087,20871002,916,"*",5,0.000659168815270137,3.75156972739313e-07,0.0143129198206134,3.60269460551119e-06,0.0578929940431885,0.0465796213269145,"GDF7"
"16","chr12",118500366,118500481,116,"*",3,0.00132444187423837,5.85760094460959e-07,0.00327364743227988,2.45939392931546e-06,-0.0109404839091962,-0.00990224779425527,NA
"17","chr2",131673771,131674221,451,"*",7,0.00132459259662734,3.2671383480911e-08,0.00341219361681082,2.69904007404775e-07,0.0382261252307119,0.0260811116999525,"ARHGEF4"
"18","chr2",200468445,200469026,582,"*",5,0.00133117704630217,8.53607727894093e-08,0.00481967876686024,6.3178641532035e-07,-0.0471005385924985,-0.0279356428844514,NA
"19","chr19",22018953,22019094,142,"*",4,0.00133117704630217,1.30514090206176e-06,0.00110152189815126,8.33723084634846e-07,0.0047452436498946,0.00174362769908072,"ZNF43"
"20","chr4",148538491,148538954,464,"*",7,0.00145836555582715,3.25490863060581e-06,0.000755054388550948,8.33723084634846e-07,0.00248755498659749,0.00132637216075912,"TMEM184C"
"21","chr19",17448183,17448497,315,"*",6,0.00150080091246014,7.51935611951511e-06,0.0024311217382942,4.88276020920548e-06,-0.00615126712916209,-0.00257495821637144,"GTPBP3"
"22","chr22",50025915,50026188,274,"*",3,0.00151670359687468,3.47234430775033e-07,0.00257535772656517,1.4758811402784e-06,-0.0405402952863228,-0.0309143704444854,"C22orf34"
"23","chr2",8823649,8823756,108,"*",3,0.00152362268840672,0.00124048394029091,1.42592371867797e-05,5.6796283451829e-06,-0.00445392155725682,-0.00177221895577606,"ID2"
"24","chr11",1891699,1892392,694,"*",12,0.00161710451114568,2.91572781222381e-07,0.0188171150053191,1.38578563360292e-06,0.0135053421239607,0.00705604723381035,"LSP1"
"25","chr2",108904812,108905468,657,"*",4,0.00170053256970824,2.89278207644611e-07,0.00335107454197897,1.38578563360292e-06,-0.0431949577346524,-0.0344563951698532,"SULT1C2"
"26","chr6",41470812,41471064,253,"*",4,0.00179691735279814,3.47234430775033e-07,0.00257535772656517,1.4758811402784e-06,-0.0210404908914823,-0.0173584559426454,"RP11-328M4.3, RP11-328M4.2"
"27","chr6",30853948,30854551,604,"*",9,0.00210173125464984,3.47234430775033e-07,0.0188253811179507,2.62087897436706e-06,-0.0394065758602513,-0.0183898719178322,"DDR1"
"28","chr6",32165089,32165321,233,"*",6,0.00232566524930003,9.01826323215301e-06,0.0143129198206134,2.81717928230469e-05,-0.0193796539208457,-0.0101442242847056,"NOTCH4"
"29","chr8",41511314,41511709,396,"*",3,0.00264582584097237,0.000647526555541143,0.00247257892260586,6.84071514364106e-05,-0.013516965606561,-0.00869610273719913,"ANK1"
"30","chr10",25305075,25305418,344,"*",10,0.00303205380343002,6.41645733749939e-06,0.00966531635922465,1.4758811402784e-06,0.00643710133168984,0.00161047082033349,"ENKUR"
"31","chr8",1861037,1861136,100,"*",3,0.00357000970275741,1.03165391402465e-05,0.0024311217382942,2.51531660932768e-05,0.0173738988137742,0.0150973412722757,"ARHGEF10"
"32","chr7",94285642,94285942,301,"*",15,0.00384855470974709,0.000647526555541143,0.00335107454197897,6.55114408964777e-05,0.0125826694384499,0.00420311642637854,"PEG10"
"33","chr17",80372493,80372534,42,"*",3,0.00402413881349484,8.79936274114533e-06,0.00185184947705337,1.69337888900721e-05,0.00996023444265947,0.00529379119394312,"OGFOD3"
"34","chr22",51016604,51016703,100,"*",5,0.0046277977807321,0.000215213300416961,0.0506053396946699,0.00127614065505441,0.0231027608960592,0.019788047262147,"CPT1B, CHKB-CPT1B"
