cpg_id,Mean_M_PD,Mean_M_Control,Delta_M,Mean_Beta_PD,Mean_Beta_Control,Delta_Beta,Direction,target_gene,distance_bp
cg01584094,-1.7527460121246594,-1.424970447722767,-0.3277755644018925,0.22883326743944432,0.27136379276380845,-0.04253052532436413,Hypomethylated,AATBC,22009
cg17818632,1.0208935885478616,1.2034949499009684,-0.18260136135310678,0.6698771573200772,0.697242081287286,-0.0273649239672088,Hypomethylated,LINC01700,11911
cg00274965,-1.5427871228682783,-1.351973721586366,-0.19081340128191226,0.25552128580333017,0.28148310867754095,-0.025961822874210783,Hypomethylated,OLIG2,4190
cg10915739,-1.4267504281389822,-1.2642194732721719,-0.16253095486681035,0.27111991018043513,0.293947137602681,-0.022827227422245855,Hypomethylated,OLIG2,4242
cg02254947,-1.0746426362726373,-0.9273397074408165,-0.14730292883182083,0.3219367416076065,0.3446177314353467,-0.022680989827740194,Hypomethylated,LINC01700,12054
cg08005189,1.6964415402539446,1.8797717540564232,-0.1833302138024786,0.76420686975943,0.7863324712450386,-0.022125601485608604,Hypomethylated,CYYR1-AS1,0
cg03372207,-0.8438593283628081,-0.7135416267885087,-0.13031770157429934,0.35780158463605516,0.37881302761935887,-0.021011442983303708,Hypomethylated,LINC01684,0
cg19318330,-0.5363974538471973,-0.4313039846073245,-0.10509346923987278,0.40810557423957666,0.4258124385343768,-0.017706864294800118,Hypomethylated,LINC01679,643
cg00743733,0.05127396370877665,0.15270210769006376,-0.1014281439812871,0.5088841657174188,0.5264365823294298,-0.017552416612011013,Hypomethylated,LOC150051,20822
cg02604403,-2.374703204663745,-2.195735578006684,-0.178967626657061,0.16164774215762595,0.1791719152015787,-0.017524173043952762,Hypomethylated,LINC01695,107826
cg13200482,0.8896433352565807,0.7808455667432965,0.10879776851328415,0.6494571186631563,0.6321010361643948,0.017356082498761416,Hypermethylated,PCBP3,0
cg24450548,0.2554078370693731,0.15841709595728953,0.09699074111208356,0.5441435720163053,0.5274240410846802,0.016719530931625037,Hypermethylated,TSPEAR,7261
cg10815453,-0.22652632712892168,-0.1297777409501795,-0.09674858617874219,0.4608264279761788,0.47752638369726386,-0.01669995572108507,Hypomethylated,RRP1B,6821
cg15660468,-0.6154642117995958,-0.716902343720076,0.10143813192048023,0.39493677135821637,0.3782650259779574,0.01667174538025895,Hypermethylated,LINC02575,0
cg06114934,-2.5303458658904185,-2.349354044806811,-0.18099182108360745,0.14755570445031624,0.1640430624614643,-0.016487358011148062,Hypomethylated,LINC01549,67704
cg15636421,0.11400767055645651,0.20708249279693697,-0.09307482224048046,0.51974574922095,0.5358231761847598,-0.01607742696380987,Hypomethylated,HUNK,2837
cg00211944,-0.41338152198081113,-0.3200152000465539,-0.0933663219342572,0.42885255428228036,0.4447718555921968,-0.015919301309916423,Hypomethylated,KRTAP19-8,26486
cg23879203,0.11399086157074917,0.20465043936290872,-0.09065957779215955,0.5197428409877197,0.5354038715670177,-0.01566103057929802,Hypomethylated,LINC00189,2424
cg06705775,-0.6808815081652837,-0.5940106991053508,-0.08687080905993294,0.38415454904000335,0.3984957323995238,-0.014341183359520449,Hypomethylated,LINC02573,185073
cg02515900,0.46121473145872555,0.5457596994927745,-0.08454496803404893,0.5792486255440462,0.5934610391573104,-0.014212413613264196,Hypomethylated,LINC01700,12183
cg01375160,0.3477045571182142,0.429282342667107,-0.08157778554889283,0.5599626396587284,0.5738449144894832,-0.01388227483075477,Hypomethylated,LINC01549,298908
cg15755387,-0.1378938697923479,-0.21805984460412403,0.08016597481177612,0.47612298819376525,0.4622848830536997,0.01383810514006556,Hypermethylated,SOD1,46148
cg06230839,1.0000736409226858,0.9154800886878941,0.0845935522347917,0.6666780096808173,0.6535232611073717,0.013154748573445563,Hypermethylated,RIPK4,2680
cg14172108,-0.030109911623842266,0.044784096946323175,-0.07489400857016544,0.4947825392973607,0.5077598695230069,-0.012977330225646178,Hypomethylated,OLIG2,4062
cg23956282,-1.9139572403361491,-2.027605026309709,0.11364778597355985,0.20971336071323163,0.19695607056543799,0.012757290147793643,Hypermethylated,LOC388813,42538
cg23553008,0.9174568722591213,0.9985196906647165,-0.08106281840559515,0.6538334514709186,0.6664386116327167,-0.012605160161798024,Hypomethylated,TSPEAR,12387
cg04848359,0.04438916190357571,0.11672447488764151,-0.0723353129840658,0.5076914488341454,0.5202157836916117,-0.01252433485746629,Hypomethylated,IGSF5,9377
cg13329407,-3.035036527055345,-2.8582196242753066,-0.17681690278003837,0.10873510280742352,0.12119450340502251,-0.012459400597598994,Hypomethylated,LINC01684,0
cg13053992,0.8061277850039225,0.8828490714106401,-0.0767212864067176,0.6361667835882717,0.6483842057105338,-0.012217422122262067,Hypomethylated,LOC102723996,2322
cg00647120,-0.6093242166536126,-0.5364769835077955,-0.07284723314581709,0.3959542268004959,0.4080922583812241,-0.012138031580728181,Hypomethylated,ICOSLG,10306
cg18314300,0.7417100639758327,0.8166868667202685,-0.07497680274443574,0.6257704519355246,0.6378591344468681,-0.01208868251134354,Hypomethylated,LINC00111,37197
cg16815122,-0.7723288442961427,-0.846892043936936,0.07456319964079328,0.3692728494343169,0.3573187052421762,0.011954144192140692,Hypermethylated,SIM2,2652
cg05556562,-0.5035944454296103,-0.43479990435145516,-0.06879454107815514,0.41360915751827854,0.42522008530550215,-0.011610927787223613,Hypomethylated,LINC01679,6961
cg12351803,0.9986075909288787,1.0743876305991198,-0.07578003967024105,0.6664521556394459,0.6780246723951926,-0.011572516755746665,Hypomethylated,PSMG1,70006
cg19972675,0.2534683247630332,0.32039289675813437,-0.06692457199510116,0.5438100801120526,0.5552927947984263,-0.01148271468637374,Hypomethylated,SMIM34A,4777
cg02965237,-2.100584226689819,-1.9955019472143467,-0.10508227947547222,0.1890777254422494,0.20049931664526316,-0.011421591203013753,Hypomethylated,OLIG2,4574
cg21911425,-2.2445307709996776,-2.1364639650030077,-0.10806680599666985,0.17425155960059768,0.18529393741362865,-0.011042377813030968,Hypomethylated,PPP1R2P2,18250
cg15218381,-1.849060718499366,-1.7588663489841274,-0.09019436951523851,0.2172658786147482,0.22808549703447978,-0.010819618419731586,Hypomethylated,LOC101928269,20953
cg15498142,-1.0157225627110225,-0.9495817814660813,-0.06614078124494116,0.3309159591441401,0.34114408713167155,-0.010228127987531421,Hypomethylated,LINC00319,0
cg03391528,0.5694225646431058,0.5083453029020124,0.0610772617410934,0.5974120863692944,0.5871892982469875,0.010222788122306925,Hypermethylated,LOC101928126,378
cg17129920,-1.4391049760102468,-1.3653242131596564,-0.07378076285059043,0.2694309602481262,0.2796153032391788,-0.010184342991052642,Hypomethylated,LOC101928126,42709
cg09762582,-0.5234872687603056,-0.46416193346364626,-0.05932533529665934,0.41026893569159034,0.4202535737984344,-0.00998463810684408,Hypomethylated,ICOSLG,18699
cg04424321,-0.30218091977487055,-0.24493419050603074,-0.05724672926883981,0.4478266422606136,0.45765779520371264,-0.009831152943099053,Hypomethylated,LINC00158,35620
cg23206332,-0.5512248253496083,-0.4927630962884566,-0.05846172906115166,0.4056253404951291,0.4154312275876018,-0.00980588709247271,Hypomethylated,KCNE2,81499
cg16071993,-1.6961118067403635,-1.6192800470461335,-0.07683175969423006,0.2358343169277046,0.24556649092556646,-0.00973217399786186,Hypomethylated,RRP1B,7034
cg21188370,-0.8530778180406196,-0.7934488733804447,-0.059628944660174876,0.35633468358311005,0.3658697800983305,-0.009535096515220443,Hypomethylated,UBASH3A,7663
cg23720384,0.12611913718760362,0.07192944023780234,0.054189696949801275,0.5218408736759229,0.5124618408229347,0.009379032852988245,Hypermethylated,LINC00308,258208
cg01123478,-2.5832110022237327,-2.696096302359532,0.11288530013579923,0.14300586604736565,0.13368161214054128,0.00932425390682437,Hypermethylated,KRTAP13-1,12223
cg15377887,-1.2434811802416834,-1.3084389908748142,0.06495781063313077,0.2969393036216451,0.2876262524009067,0.009313051220738389,Hypermethylated,LINC00323,72765
cg00874051,-1.8316499707794958,-1.9107002796333064,0.07905030885381059,0.2193252172864977,0.2100877584696426,0.009237458816855115,Hypermethylated,LINC00310,8596
cg19396767,0.23249596232179223,0.28502056018727817,-0.05252459786548594,0.540201513091497,0.5492302802508441,-0.009028767159347084,Hypomethylated,KCNE2,50641
cg21156054,-0.2919281558282513,-0.24168194950364075,-0.050246206324610576,0.44958461049635173,0.458217377183214,-0.008632766686862248,Hypomethylated,LOC101928398,3969
cg07225450,0.22829931815339496,0.17995468967635386,0.0483446284770411,0.5394789073197107,0.5311434023062039,0.008335505013506772,Hypermethylated,KCNJ15,9634
cg09438382,-1.6293040066850035,-1.565558212657732,-0.06374579402727143,0.2442815415371274,0.25253035034272575,-0.008248808805598362,Hypomethylated,TSPEAR,12320
cg25206951,-0.8649945785977712,-0.8143176456833366,-0.050676932914434536,0.35444240816922096,0.3625202954879976,-0.008077887318776622,Hypomethylated,LOC101928398,9756
cg26796673,-1.0145980597787416,-1.0675073647334028,0.052909304954661174,0.33108855948742233,0.32301732545831185,0.008071234029110474,Hypermethylated,HSPA13,9040
cg24261176,-1.5442821814956653,-1.4846489178972235,-0.05963326359844179,0.2553242010630262,0.26326246319463026,-0.007938262131604035,Hypomethylated,NRIP1,94862
cg17496067,-0.10395678458190638,-0.14885428471538906,0.044897500133482676,0.48199345251860654,0.4742283770511403,0.0077650754674662426,Hypermethylated,LOC101928796,14743
cg09254980,-2.1036848682836222,-2.0317362654129525,-0.07194860287066973,0.1887484143585906,0.19650355089697832,-0.007755136538387719,Hypomethylated,LINC01694,3461
cg20746318,-1.4023124713786836,-1.347000248939185,-0.055312222439498626,0.2744802598366968,0.2821808611183029,-0.007700601281606045,Hypomethylated,ATP5PF,1613
cg17799614,-3.6123861078990824,-3.7790314384266686,0.16664533052758612,0.0755841621300704,0.0678986762285218,0.007685485901548592,Hypermethylated,LOC100506403,137486
cg07331286,-0.601351760624153,-0.6473463903870902,0.04599462976293722,0.3972766823922626,0.38966839277988696,0.0076082896123756405,Hypermethylated,NRIP1,139557
cg13363409,-1.267263415257182,-1.3203460403774128,0.053082625120230764,0.29350943477174485,0.2859381335219255,0.007571301249819362,Hypermethylated,SLC5A3,43268
cg08707404,-0.09341961214390462,-0.1369906683266215,0.043571056182716866,0.48381726895755583,0.4762791464910094,0.007538122466546449,Hypermethylated,LINC00320,80075
cg02119792,-3.476620367615096,-3.3384900940540954,-0.13813027356100083,0.08242771714995673,0.08996478373591694,-0.00753706658596022,Hypomethylated,LINC01694,2749
cg24637715,-0.29054101508891506,-0.24676024363843063,-0.043780771450484424,0.4498225513480678,0.4573436504548068,-0.007521099106738982,Hypomethylated,LINC01687,39758
cg00815214,-3.17435182703124,-3.058417735220001,-0.11593409181123926,0.09972417900184889,0.10717442112418546,-0.007450242122336567,Hypomethylated,YBEY,288
cg04541009,-1.1514388033250658,-1.1028692716047512,-0.04856953172031453,0.31042854901449246,0.3176807463137264,-0.007252197299233931,Hypomethylated,LINC01679,12013
cg13762839,-3.7663780511698715,-3.6102923858620786,-0.1560856653077929,0.06845586572396278,0.07568562570732461,-0.007229759983361825,Hypomethylated,DSCR10,10377
cg14462935,0.01171887646871788,-0.028931390515179584,0.04065026698389747,0.5020307153800962,0.494986740064995,0.0070439753151012585,Hypermethylated,PSMG1,68743
cg22296213,-1.0360675343047705,-0.9909096506060391,-0.045157883698731416,0.3278010926382087,0.33473501180305304,-0.0069339191648443155,Hypomethylated,USP25,47376
cg18645241,-0.5286909711481695,-0.5699797374651742,0.04128876631700462,0.4093965278871526,0.40249503115583807,0.006901496731314516,Hypermethylated,PCSEAT,67288
cg01895398,1.873912750981778,1.932433695057103,-0.058520944075325154,0.7856493486739774,0.7924012837421526,-0.006751935068175174,Hypomethylated,LINC01694,15935
cg01931861,-1.5819802710679536,-1.5313677567571713,-0.050612514310782286,0.25038778602660494,0.2570299263742226,-0.0066421403476176755,Hypomethylated,PCSEAT,66982
cg12516959,-1.927959284693731,-1.870720482419188,-0.05723880227454292,0.2081093679579562,0.21472351738621018,-0.006614149428253974,Hypomethylated,YBEY,415
cg12815293,-0.2281019186498586,-0.18983101298227203,-0.03827090566758656,0.4605550863349439,0.46715217108764445,-0.006597084752700544,Hypomethylated,DSCR8,13880
cg02260098,-3.5857083393591105,-3.7246864545142575,0.13897811515514702,0.07688637659959897,0.0703218483805205,0.006564528219078478,Hypermethylated,LINC01679,205
cg06464686,0.14740154988130405,0.10971510771365556,0.03768644216764849,0.525520545489375,0.5190030217586804,0.0065175237306945855,Hypermethylated,PCBP3,9139
cg09156714,-1.6416735768402158,-1.6927474678221068,0.05107389098189108,0.24270219678191524,0.23625483741181696,0.006447359370098271,Hypermethylated,MIR802,17885
cg21769096,-0.18090785901373932,-0.21820310523022776,0.03729524621648844,0.4686920702329752,0.4622601992196951,0.006431871013280133,Hypermethylated,BTG3-AS1,75418
cg23372329,0.3849391525294967,0.348492865945352,0.03644628658414467,0.5663119279767072,0.5600972741127886,0.006214653863918507,Hypermethylated,B3GALT5-AS1,34164
cg24459147,-1.9981781570620514,-1.943028607770932,-0.05514954929111937,0.20020212539398294,0.20639323864422576,-0.0061911132502428246,Hypomethylated,SIM2,2833
cg27305917,-0.3054566461819651,-0.2696884140221832,-0.03576823215978192,0.447265249475394,0.453402173855653,-0.0061369243802590345,Hypomethylated,LOC101928796,1906
cg25940392,-3.359534220804974,-3.253376162888638,-0.10615805791633592,0.08877767731471732,0.09491316103102661,-0.006135483716309287,Hypomethylated,SIM2,6715
cg13152779,-3.601461759354857,-3.4827108636016657,-0.11875089575319109,0.07611494276668714,0.08210898481461051,-0.005994042047923379,Hypomethylated,ABCC13,7018
cg05444025,1.821433012948454,1.7716292721630116,0.04980374078544236,0.7794598056815999,0.7734683068948685,0.005991498786731442,Hypermethylated,USP25,47069
cg10099795,-0.941335852386675,-0.9797415806599544,0.03840572827327937,0.3424299263620292,0.3364610610660818,0.005968865295947368,Hypermethylated,NRIP1,244297
cg19960991,0.09275836765435351,0.058396055563001634,0.034362312091351876,0.5160682652874096,0.5101178839329628,0.00595038135444681,Hypermethylated,USP25,291608
cg02647287,-1.3531657138936775,-1.3110100801961893,-0.042155633697488204,0.28131603431700364,0.2872612341337633,-0.005945199816759672,Hypomethylated,LINC01694,2440
cg19856593,-0.6751987303420802,-0.6393306757953494,-0.03586805454673081,0.38508686155668626,0.39099058299408196,-0.005903721437395704,Hypomethylated,SIM2,7178
cg11150585,-1.48341297552714,-1.5274970693433454,0.04408409381620548,0.26342865648333963,0.25754261243865145,0.005886044044688177,Hypermethylated,TRPM2,3506
cg22636562,0.10764347098758527,0.14164507726775383,-0.03400160628016856,0.5186445432919308,0.5245255235306964,-0.0058809802387655985,Hypomethylated,CLDN8,11540
cg00411120,0.10160111795912151,0.13554121808190062,-0.03394010012277911,0.5175988590856475,0.523470242283452,-0.005871383197804447,Hypomethylated,PTTG1IP,2549
cg09830606,-3.0026743789118555,-2.9187733032756635,-0.08390107563619198,0.110928157799645,0.11679475136015503,-0.0058665935605100306,Hypomethylated,CHAF1B,19079
cg04981846,-0.5209818391160198,-0.5558140964760584,0.03483225736003859,0.41068917617235623,0.40485864340464334,0.005830532767712893,Hypermethylated,PCBP3,8473
cg17134751,-0.5301415497497419,-0.495498193526562,-0.03464335622317993,0.4091534377827446,0.41497090400054254,-0.00581746621779794,Hypomethylated,ADAMTS1,34094
cg21152549,-3.6381244306461817,-3.7636451805243505,0.12552074987816875,0.0743470289298313,0.06857676220939456,0.005770266720436748,Hypermethylated,RUNX1,89642
cg15634739,-0.17752526899864107,-0.14540185715827156,-0.032123411840369515,0.4692759728329199,0.4748250842723192,-0.00554911143939929,Hypomethylated,ICOSLG,28517
cg09277541,-1.3872124269079342,-1.3483726246480932,-0.03883980225984107,0.2765694904915683,0.28198821908156857,-0.005418728590000255,Hypomethylated,IL10RB,7476
cg13836538,-1.0696073529490444,-1.0339961623383243,-0.035611190610720156,0.3226991008604366,0.3281175382421344,-0.005418437381697783,Hypomethylated,LOC101928126,47786
cg05664888,-2.803913552711913,-2.7340368937602313,-0.06987665895168149,0.1252611339054357,0.13066520346082866,-0.005404069555392965,Hypomethylated,IFNAR1,14894
cg01321497,-2.9428338119788675,-2.8688967923662023,-0.07393701961266519,0.11508537169698284,0.12040847286737055,-0.005323101170387715,Hypomethylated,LINC01689,416418
cg16178095,-3.9447908016440976,-3.8202066763852898,-0.1245841252588078,0.06097829446841798,0.06611451638761591,-0.005136221919197929,Hypomethylated,CRYAA,4513
cg27613737,-1.6277938917360997,-1.588071223496729,-0.03972266823937076,0.24447482841572565,0.24959619223266677,-0.005121363816941116,Hypomethylated,LINC01694,15463
cg19133921,0.3125945865985898,0.2828097275863646,0.029784859012225218,0.5539575806289448,0.5488508576391936,0.005106722989751233,Hypermethylated,OLIG1,6968
cg01297530,-2.3975779130950685,-2.4529235152732682,0.055345602178199726,0.15951054542091758,0.15443431160901924,0.00507623381189834,Hypermethylated,KCNE2,12096
cg14868760,1.1414632775059994,1.1076267037396776,0.033836573766321765,0.6880893762738941,0.6830336104544751,0.0050557658194190225,Hypermethylated,NRIP1,139492
cg17874808,-1.246926305723959,-1.212144684171547,-0.034781621552411934,0.29644101580918375,0.3014937857739147,-0.005052769964730974,Hypomethylated,UMODL1,10805
cg10834805,0.2724882539082104,0.243672507645469,0.028815746262741415,0.5470787438278475,0.542125131707912,0.004953612119935502,Hypermethylated,LINC00334,0
cg17120782,-3.8152462076165077,-3.9344878133388113,0.11924160572230358,0.06632712780644247,0.06138849997802654,0.004938627828415927,Hypermethylated,C21orf62,13103
cg21863949,-2.2127971146966128,-2.262121280038206,0.04932416534159323,0.17743924446525558,0.1725041229690629,0.004935121496192685,Hypermethylated,RIPK4,11219
cg26616156,-1.1285743098211523,-1.0958226235985158,-0.03275168622263647,0.31383126437612036,0.31874042112997236,-0.0049091567538520064,Hypomethylated,LINC00319,2508
cg07548283,-0.6418651709031893,-0.612468460092898,-0.02939671081029127,0.3905723445497346,0.39543308271135497,-0.004860738161620359,Hypomethylated,LINC00111,37425
cg26432265,1.4853044664783845,1.5214699559699267,-0.03616548949154219,0.7368256590109196,0.7416577467653389,-0.004832087754419345,Hypomethylated,IFNAR1,15151
cg15236484,-0.6458378287705506,-0.675041608652777,0.029203779882226333,0.3899171064312448,0.3851126508540393,0.004804455577205491,Hypermethylated,RIPK4,14692
cg21139150,-1.6809805011097516,-1.6432150724446724,-0.03776542866507926,0.2377297015044813,0.2425058658465812,-0.004776164342099903,Hypomethylated,SLC19A1,0
cg07179730,-0.31425150933045026,-0.3420467967671712,0.02779528743672094,0.4457586578980743,0.4410039011445142,0.004754756753560074,Hypermethylated,LINC01690,27101
cg15629786,-1.7199992847724541,-1.682299533704328,-0.037699751068126064,0.23286343780597157,0.23756405995873284,-0.0047006221527612635,Hypomethylated,TFF3,4508
cg23204757,-3.234220763633822,-3.1600526698533034,-0.0741680937805187,0.09605991200836063,0.10061755605194958,-0.0045576440435889515,Hypomethylated,MIR99AHG,372337
cg13808022,-0.7073667366954659,-0.6803109611996105,-0.02705577549585536,0.37982071680795926,0.38424811426593886,-0.004427397457979598,Hypomethylated,LOC100506403,127809
cg11624254,-0.9781861019726527,-1.0068768695070487,0.028690767534396033,0.33670181161787927,0.3322749133716545,0.004426898246224775,Hypermethylated,DYRK1A,8706
cg09466153,0.6267014562711831,0.6535083057904236,-0.026806849519240505,0.6069229855099914,0.6113469132514368,-0.004423927741445399,Hypomethylated,ADAMTS1,34295
cg10957180,-3.622719669564742,-3.5358176974264195,-0.0869019721383224,0.07508521607483343,0.07937699218715365,-0.00429177611232022,Hypomethylated,U2AF1L5,3403
cg10972317,3.4493627911159352,3.372099335032622,0.0772634560833132,0.916131982218873,0.9119243671758624,0.004207615043010593,Hypermethylated,SETD4,6755
cg04574459,-4.575855133847474,-4.427148590367814,-0.14870654347966017,0.04024311459788918,0.044418433914225036,-0.004175319316335857,Hypomethylated,LINC01694,2799
cg18374181,-3.8675803821754493,-3.770343513942062,-0.09723686823338751,0.06411570939068703,0.06828079306463121,-0.004165083673944178,Hypomethylated,OLIG2,307
cg02330204,-3.3834276683609485,-3.4601525590109055,0.07672489064995691,0.08744699373170646,0.0832951683941375,0.004151825337568957,Hypermethylated,USP25,195232
cg26144458,-2.333266840849723,-2.2904002226817095,-0.04286661816801329,0.1655779384456856,0.16972401840993673,-0.00414607996425112,Hypomethylated,SIM2,1266
cg05756760,0.22050023743976305,0.1966719761586918,0.02382826128107124,0.5381355717620789,0.5340279751681901,0.004107596593888818,Hypermethylated,DSCR8,2465
cg03600395,-2.72721466877028,-2.6768032249266764,-0.05041144384360363,0.13120329586873972,0.1352379446933505,-0.00403464882461077,Hypomethylated,RSPH1,4906
cg00429107,-3.9024489335008408,-3.8070176654830004,-0.09543126801784041,0.06268063724147209,0.06668121373227262,-0.004000576490800531,Hypomethylated,LOC102723996,1964
cg02115911,-3.7478800994081842,-3.661495267751874,-0.08638483165631028,0.06927804575241428,0.07323985006818286,-0.003961804315768577,Hypomethylated,OLIG2,2694
cg00639925,-1.5209424431227667,-1.4912799664653287,-0.02966247665743804,0.25841231738407255,0.26237195824258736,-0.003959640858514801,Hypomethylated,CLDN14,3403
cg11362599,-0.6976661415224831,-0.6735462577529183,-0.024119883769564754,0.38140586253371933,0.3853581237808679,-0.003952261247148592,Hypomethylated,RSPH1,5264
cg01007374,-3.4883478162744677,-3.5657293240995522,0.07738150782508457,0.08181498804275944,0.07787504197017396,0.003939946072585479,Hypermethylated,LOC101928796,0
cg17913566,0.8102406860448942,0.7857375016602457,0.02450318438464849,0.6368263798811545,0.6328892177633975,0.003937162117757076,Hypermethylated,CHAF1B,9894
cg20786944,-0.16793289436846498,-0.14530736872867603,-0.02262552563978895,0.47093226057765764,0.47484141638758776,-0.0039091558099301205,Hypomethylated,LINC01695,5033
cg04781339,0.5361094142939304,0.512960006141821,0.02314940815210942,0.591846197418293,0.5879644323499414,0.0038817650683515836,Hypermethylated,LINC01679,0
cg00740547,-0.43005018987761695,-0.40720337053878986,-0.022846819338827096,0.42602493514091155,0.4299017872492799,-0.003876852108368356,Hypomethylated,PICSAR,14594
cg14897238,-0.36235406618405464,-0.38486661609978984,0.022512549915735203,0.43753684770132756,0.4337004205820102,0.003836427119317365,Hypermethylated,RIPK4,11071
cg24127719,-3.013176253229039,-3.0683773415569635,0.055201088327924364,0.11021227693048569,0.1065156303143115,0.003696646616174193,Hypermethylated,SIM2,2754
cg16612503,-0.8492376491710398,-0.8721683414786905,0.022930692307650657,0.35694542847186916,0.35330546688862824,0.003639961583240925,Hypermethylated,USP25,286902
cg10635205,-0.8916188032996938,-0.9145355733740862,0.022916770074392412,0.35023120906552,0.3466249952193437,0.0036062138461763205,Hypermethylated,IFNGR2,14402
cg13912108,-3.478732802901733,-3.5489899656029293,0.07025716270119631,0.08231704027202577,0.0787123394427935,0.0036047008292322685,Hypermethylated,PSMG1,69201
cg19297788,0.14353785655828027,0.16398041757432583,-0.020442561016045552,0.5248527174584011,0.5283850882700463,-0.003532370811645147,Hypomethylated,LINC01678,22687
cg26901676,-0.1332646809318356,-0.11319695540394673,-0.02006772552788888,0.47692339680894125,0.4803945194630357,-0.0034711226540944384,Hypomethylated,LOC101928269,14649
cg03224576,-1.6231930016650804,-1.6502103753460189,0.027017373680938483,0.24506435593894518,0.2416162740571215,0.003448081881823689,Hypermethylated,PCBP3,0
cg15937520,1.3915746278355112,1.3672078342503082,0.024366793585202995,0.7240350683635972,0.7206476142116806,0.003387454151916658,Hypermethylated,LINC00161,21930
cg12079971,0.24838358522330278,0.2677230923324063,-0.019339507109103538,0.5429355923731869,0.5462601984147385,-0.0033246060415516032,Hypomethylated,IL10RB,3720
cg10169653,-0.5094056777187991,-0.48966137757774564,-0.01974430014105344,0.4126325516427883,0.4159534330666198,-0.003320881423831523,Hypomethylated,LOC100506403,145013
cg18579806,-5.053673806084137,-4.8951837166991785,-0.15849008938495857,0.02922870160974273,0.032512345321264485,-0.003283643711521754,Hypomethylated,TFF2,8417
cg06171420,-1.319482075115682,-1.2965636391384776,-0.022918435977204332,0.2860604219392171,0.28931578191024165,-0.0032553599710245518,Hypomethylated,PCBP3,5250
cg11279358,-1.396038077885207,-1.419590849553398,0.02355277166819092,0.2753471878633414,0.2721017103480599,0.0032454775152814808,Hypermethylated,SOD1,4209
cg13493414,0.2863777360806942,0.26748088006384185,0.01889685601685237,0.5494631701543953,0.5462185851868088,0.0032445849675865057,Hypermethylated,ERG,31290
cg06678140,-1.811322521741645,-1.8381208336391648,0.02679831189751969,0.22174725415812005,0.21855821040629766,0.0031890437518223846,Hypermethylated,LOC101928269,29832
cg20814437,-0.9790271325684895,-0.9585936314563513,-0.020433501112138153,0.3365716298493553,0.33974148154692,-0.0031698516975647295,Hypomethylated,N6AMT1,39749
cg22525694,0.34920041484333825,0.36762634559881463,-0.018425930755476383,0.5602181081325334,0.5633623040230622,-0.0031441958905288336,Hypomethylated,CBR3-AS1,2061
cg13719804,0.13291905179138688,0.1506859396637586,-0.01776688787237171,0.5230168374739868,0.5260881709219123,-0.0030713334479255394,Hypomethylated,ETS2,8578
cg05422396,-4.852732457773714,-4.721664144522809,-0.1310683132509043,0.03345075728909309,0.036515900488422376,-0.0030651431993292885,Hypomethylated,DYRK1A,37886
cg08417022,-1.0650540254346132,-1.0451314452866962,-0.019922580147917035,0.3233893032995232,0.3264182324541153,-0.003028929154592075,Hypomethylated,PDE9A,16773
cg01405629,-0.235576371469261,-0.21816027192346152,-0.01741609954579948,0.45926818919149043,0.46226757938747753,-0.002999390195987106,Hypomethylated,LINC01671,13198
cg26881916,-4.130137419683463,-4.216908000799152,0.08677058111568936,0.05402378018072946,0.051031239688089196,0.0029925404926402638,Hypermethylated,ADAMTS1,119649
cg23554732,-4.757120441886016,-4.6380391895874205,-0.11908125229859579,0.035661021183804216,0.03861093007271549,-0.002949908888911272,Hypomethylated,CYYR1-AS1,0
cg12012114,0.09470692842971545,0.11174229835953405,-0.017035369929818592,0.5164055690472792,0.5193537902874954,-0.002948221240216209,Hypomethylated,RSPH1,8108
cg00989103,0.5573027253631248,0.5398400824722737,0.017462642890851088,0.5953899518178526,0.5924707103209309,0.0029192414969216873,Hypermethylated,SLC19A1,0
cg08237027,-2.958273354772742,-2.918326948262283,-0.03994640651045911,0.11399996636812153,0.11682666984998717,-0.0028267034818656445,Hypomethylated,IL10RB,4178
cg01481699,-5.112095286044039,-4.969986931617157,-0.14210835442688197,0.028101335724500968,0.0309203450377791,-0.0028190093132781334,Hypomethylated,ICOSLG,26639
cg04563337,-4.384106211135009,-4.295234046423834,-0.08887216471117476,0.04570213395859645,0.04846524040478773,-0.0027631064461912797,Hypomethylated,LINC00161,96709
cg12477594,-3.8244433524804204,-3.761356845822154,-0.06308650665826665,0.06593342914697208,0.0686781454695565,-0.0027447163225844257,Hypomethylated,LINC00158,25911
cg26543959,-4.629937577441601,-4.528402049408,-0.101535528033601,0.038819923157986276,0.04153290956179455,-0.002712986403808272,Hypomethylated,BTG3-AS1,65036
cg15896159,-2.5548773356251426,-2.586190423661243,0.031313088036100556,0.14542969245629678,0.14275295437207053,0.002676738084226249,Hypermethylated,CLDN14,54299
cg25758859,-2.76229803782259,-2.7970224567724733,0.03472441894988343,0.12845609195097496,0.12578544102751057,0.002670650923464385,Hypermethylated,IFNAR1,1092
cg27216721,-0.4791553489931012,-0.49495319741755245,0.015797848424451255,0.41772362434558946,0.4150626163713862,0.0026610079742032666,Hypermethylated,LINC01678,21919
cg17817613,0.3335750221084712,0.34905073503733275,-0.015475712928861574,0.5575479930396727,0.560192546659851,-0.002644553620178236,Hypomethylated,UMODL1,17084
cg05634149,-3.999893140731368,-3.9329560995663284,-0.06693704116503962,0.05882763026276635,0.06144970375407882,-0.0026220734913124724,Hypomethylated,OLIG2,2925
cg06212263,-2.8107735806889114,-2.8456846924575396,0.03491111176862827,0.12474105155194279,0.12212293972714272,0.002618111824800068,Hypermethylated,OLIG2,5391
cg23761995,-3.482450608178455,-3.4334992472947468,-0.04895136088370844,0.08212258171106139,0.08471674368825359,-0.0025941619771921998,Hypomethylated,LINC00158,150793
cg14081667,-4.881351359074879,-5.003047801602025,0.12169644252714651,0.03281528979314255,0.030241014357801705,0.002574275435340844,Hypermethylated,LINC01679,268
cg23474190,-4.636052960918,-4.539669952295619,-0.09638300862238047,0.038662067637295974,0.041223108011575686,-0.002561040374279712,Hypomethylated,DYRK1A,38450
cg23581129,-3.8817494853070884,-3.94466643883156,0.0629169535244718,0.06352890178298948,0.06098323056144961,0.002545671221539869,Hypermethylated,LINC00112,8011
cg05532966,-0.6838774622509984,-0.6992633184375573,0.015385856186558855,0.38366337691556707,0.38114469776553433,0.002518679150032732,Hypermethylated,RIPK4,11585
cg20187292,-1.358982861181029,-1.3410719288631163,-0.017910932317912742,0.2805015464883643,0.2830139435491175,-0.0025123970607532353,Hypomethylated,NRIP1,146592
cg05119200,1.109147344388719,1.1257802263519845,-0.01663288196326551,0.6832617620588936,0.6857515316378623,-0.002489769578968737,Hypomethylated,RUNX1,57071
cg02923345,-1.1775259330426313,-1.194320876101357,0.016794943058725753,0.30657114850538425,0.30410195311922766,0.0024691953861565863,Hypermethylated,PPP1R2P2,36249
cg12889541,2.429895142560106,2.403158704506531,0.026736438053575284,0.8434697777647334,0.8410073841870505,0.002462393577682964,Hypermethylated,LINC00649,6753
cg08064488,-3.088117077576062,-3.0514149411419447,-0.03670213643411735,0.10522045531733937,0.10763977423332645,-0.0024193189159870815,Hypomethylated,SIM2,3371
cg00846098,0.2024415382353374,0.1884405002879856,0.014001037947351802,0.5350229967232474,0.532607903799685,0.0024150929235623453,Hypermethylated,RIPK4,11579
cg08031958,0.6373758955425132,0.6519318609319764,-0.014555965389463243,0.6086867327365002,0.6110872521523797,-0.0024005194158794874,Hypomethylated,LINC01694,3841
cg01112636,-1.4322753062010118,-1.4148330185211362,-0.017442287679875657,0.27036380079133276,0.272755386411818,-0.002391585620485248,Hypomethylated,CLDN17,62543
cg06161779,-3.6786738643159356,-3.6286380719808107,-0.050035792335124896,0.07243572883679242,0.07480081638115829,-0.0023650875443658737,Hypomethylated,LINC01684,11
cg16188324,-1.7424658639489337,-1.7233831541145017,-0.019082709834431943,0.23009315101911432,0.23244470132198441,-0.002351550302870098,Hypomethylated,RSPH1,6598
cg19434960,-0.6485475948882868,-0.6625285106676299,0.013980915779343017,0.38947039353474766,0.38716855991100785,0.002301833623739813,Hypermethylated,LINC01689,382190
cg04751885,-0.8523539543501507,-0.8667617210137729,0.014407766663622201,0.35644977203686207,0.3541621874747404,0.0022875845621216917,Hypermethylated,LINC01700,36989
cg19433175,-0.08246479946257217,-0.06943913659723229,-0.013025662865339876,0.4857138287369016,0.4879694370177183,-0.0022556082808166678,Hypomethylated,TPTE,18218
cg00810441,0.4824195804431966,0.4957412699990787,-0.013321689555882088,0.5828266047963541,0.5850699991985762,-0.0022433944022220986,Hypomethylated,KRTAP13-1,12314
cg08636535,-2.533919839046788,-2.508490057560318,-0.025429781486470127,0.14724437549225786,0.14947142002370575,-0.002227044531447897,Hypomethylated,ICOSLG,15519
cg09408917,-2.498202338319115,-2.4732597876187223,-0.02494255070039264,0.15038023757772281,0.15260254370733667,-0.0022223061296138547,Hypomethylated,SIM2,2093
cg08321585,2.6870338026796854,2.659930848407484,0.02710295427220144,0.8655892297004767,0.863388492387798,0.002200737312678669,Hypermethylated,CRYAA,20838
cg15885814,-2.844298556846622,-2.8152048932651543,-0.029093663581467588,0.12222598303792828,0.12440608366443431,-0.002180100626506032,Hypomethylated,PRDM15,14138
cg07438291,-1.3582959672788937,-1.3428005782539134,-0.015495389024980266,0.2805976469840835,0.2827708698502212,-0.0021732228661376918,Hypomethylated,SAMSN1,4184
cg13524919,-0.849664618506835,-0.8633402518414861,0.01367563333465116,0.35687749975495325,0.35470482994668817,0.002172669808265082,Hypermethylated,OLIG2,1736
cg05086796,-2.4986319939169075,-2.4742897421359995,-0.024342251780907986,0.15034219095715132,0.15251024731580898,-0.0021680563586576607,Hypomethylated,ADAMTS1,118462
cg08453994,-3.7359613984905806,-3.6888248911813,-0.04713650730928043,0.06981262934864207,0.07196439792457618,-0.0021517685759341043,Hypomethylated,PCSEAT,15260
cg11825674,-0.9208142949953901,-0.9073917345132095,-0.013422560482180601,0.3456400125203541,0.3477472942181777,-0.002107281697823593,Hypomethylated,LINC01548,12922
cg27025478,-3.4681653909521755,-3.4286313222222047,-0.039534068729970784,0.0828720560083452,0.08497874452872915,-0.0021066885203839536,Hypomethylated,LINC02246,0
cg09838568,-1.6394649426650256,-1.6559369060989195,0.0164719634338939,0.2429836852907871,0.24088968895633278,0.002093996334454312,Hypermethylated,TRPM2,3502
cg07464886,-1.029117691689924,-1.0156211250007787,-0.01349656668914534,0.32886344404667145,0.3309315269872033,-0.0020680829405318457,Hypomethylated,TMPRSS15,57407
cg25127117,-2.7574061741354674,-2.784082747778778,0.026676573643310775,0.12883618580537037,0.12677503164356121,0.002061154161809159,Hypermethylated,LINC01549,51486
cg02519892,-3.163895404133037,-3.1971028434587234,0.03320743932568648,0.10037677518273065,0.09831728749188925,0.0020594876908413967,Hypermethylated,RIPK4,11374
cg01430902,-2.798502435937599,-2.7723425046794357,-0.026159931258163294,0.12567267903304674,0.12767864172044285,-0.0020059626873961123,Hypomethylated,LOC101928107,4129
cg04289033,2.4570367157252337,2.4790877752470317,-0.022051059521797978,0.8459376246534867,0.8479191112931457,-0.0019814866396590247,Hypomethylated,WDR4,8983
cg10160790,3.629838390052491,3.671618111633425,-0.041779721580934126,0.9252567421561062,0.927234984695387,-0.0019782425392808056,Hypomethylated,AGPAT3,1611
cg15155922,-0.2447121217396027,-0.2560206116638533,0.011308489924250625,0.4576960010687502,0.45575107189256564,0.001944929176184551,Hypermethylated,CBR3-AS1,2125
cg09200260,-4.455382452224287,-4.390530869207536,-0.06485158301675042,0.04359513398761768,0.04550830553477836,-0.0019131715471606761,Hypomethylated,RUNX1,155940
cg10641258,-3.2930630142754835,-3.2606821066533094,-0.03238090762217416,0.09257621367124834,0.09447902328316905,-0.0019028096119207139,Hypomethylated,UMODL1,0
cg04747867,-4.295656724850592,-4.2377694049067,-0.057887319943891846,0.04845173109626027,0.05033551223118544,-0.0018837811349251693,Hypomethylated,ICOSLG,15487
cg17727929,-5.346028511798864,-5.235125864702486,-0.11090264709637854,0.023995881607187075,0.025863651072648246,-0.0018677694654611714,Hypomethylated,SIM2,2076
cg16564033,-4.3412896685192,-4.402380997560401,0.061091329041201625,0.047014093625076955,0.04515284561576826,0.0018612480093086956,Hypermethylated,SIM2,3673
cg17606155,-1.4739351765677866,-1.460279256883957,-0.01365591968382951,0.2647053442930198,0.2665517860873132,-0.0018464417942934408,Hypomethylated,PTTG1IP,4536
cg03612413,-4.235508959090637,-4.18093538253611,-0.054573576554527214,0.05041046199202915,0.05225234189909691,-0.0018418799070677588,Hypomethylated,SIM2,4496
cg24112562,-1.8735613273958713,-1.858080165622593,-0.015481161773278407,0.2143916755284783,0.21620456734062954,-0.001812891812151246,Hypomethylated,SIM2,1373
cg20655802,-0.589139623478983,-0.578291915066622,-0.010847708412360935,0.39930531501468797,0.40111019877786447,-0.0018048837631765013,Hypomethylated,AATBC,5413
cg23036852,-2.143139609543887,-2.1602033762445823,0.017063766700695204,0.18459643119257524,0.18282275592860942,0.0017736752639658238,Hypermethylated,SIK1,24379
cg03067912,-5.026595804439707,-5.117221529031739,0.09062572459203189,0.029765993279889148,0.028004453402330168,0.0017615398775589798,Hypermethylated,LINC01547,1005
cg06368184,-3.4128167891454058,-3.3808468323592034,-0.0319699567862024,0.0858349918738335,0.08758985331268176,-0.0017548614388482597,Hypomethylated,SIM2,1998
cg03757240,-0.9800873702780633,-0.9914209107974948,0.011333540519431584,0.3364075527097934,0.33465610075556373,0.0017514519542296547,Hypermethylated,LINC02575,6931
cg10829693,-4.227563288928332,-4.280490957545689,0.052927668617357426,0.05067475653262412,0.048938690029152285,0.001736066503471835,Hypermethylated,OLIG2,2021
cg17122157,-4.520249311663763,-4.459978864885946,-0.060270446777816566,0.041758449769059854,0.04346248838692602,-0.001704038617866166,Hypomethylated,SIK1,14917
cg06287548,-0.8168438683918189,-0.8062902956589434,-0.010553572732875494,0.36211572785331075,0.363807144434075,-0.0016914165807642711,Hypomethylated,IFNGR2,1829
cg04139747,-3.6399676855705425,-3.67572117190211,0.03575348633156761,0.0742591496473977,0.07257336120095964,0.0016857884464380607,Hypermethylated,KRTAP19-5,3699
cg26648735,-4.635847764320926,-4.702570211158309,0.06672244683738349,0.03866735434461476,0.036984404476256005,0.001682949868358756,Hypermethylated,LINC01700,2041
cg14730102,-3.694286033935875,-3.6585598912866266,-0.03572614264924834,0.07171199888453945,0.07337807334400293,-0.0016660744594634708,Hypomethylated,OLIG2,143
cg10283362,-0.8209288400210458,-0.8107594961341185,-0.010169343886927362,0.3614619443246697,0.36309045373061205,-0.0016285094059423355,Hypomethylated,CBR3-AS1,2218
cg25052523,-1.4839621902000961,-1.4959919410957416,0.012029750895645508,0.2633547969920534,0.2617403527147497,0.0016144442773036727,Hypermethylated,SH3BGR,12801
cg02651190,-0.6361724262046164,-0.6264586014904605,-0.009713824714155939,0.39151197658977527,0.3931171742555237,-0.001605197665748459,Hypomethylated,SIK1,15438
cg02609480,-1.776423995037956,-1.7896938028326046,0.013269807794648703,0.22594990406741045,0.22434527400812423,0.0016046300592862106,Hypermethylated,SLC19A1,0
cg02359377,-1.1759400013643295,-1.1650774951579652,-0.010862506206364309,0.306804889794481,0.30840851697215294,-0.001603627177671929,Hypomethylated,BACH1-IT3,19235
cg10445315,-4.692207570266848,-4.629420763688374,-0.06278680657847335,0.0372410849042459,0.038833291905006784,-0.0015922070007608827,Hypomethylated,SIM2,5367
cg18187859,0.09462964270528484,0.103782405232527,-0.009152762527242161,0.5163921908581053,0.5179763689677104,-0.0015841781096050944,Hypomethylated,RSPH1,11599
cg20533952,-2.57399510002742,-2.5922234361307286,0.01822833610330843,0.1437905324655851,0.14224197680329134,0.0015485556622937546,Hypermethylated,RIPK4,11389
cg06068897,-5.0613911579721345,-4.98425828032574,-0.07713287764639443,0.029077301258435682,0.030625305507824115,-0.0015480042493884322,Hypomethylated,LINC01678,988
cg02659916,-1.3474035369818933,-1.3583068272909662,0.010903290309072888,0.282124242802176,0.2805961274483039,0.0015281153538720949,Hypermethylated,SSR4P1,29409
cg24261831,-5.312691427426038,-5.225393009566166,-0.08729841785987169,0.024543055394577205,0.02603416703451499,-0.0014911116399377831,Hypomethylated,PTTG1IP,3080
cg18566883,-4.8444560791534395,-4.779901769243074,-0.06455430991036515,0.03363673397012194,0.035121949811865054,-0.0014852158417431108,Hypomethylated,DYRK1A,21017
cg01551200,-1.4662570427242982,-1.455350716873814,-0.010906325850484233,0.2657425106498384,0.2672201929004624,-0.0014776822506240017,Hypomethylated,LINC01671,8644
cg11943058,-4.686264573916644,-4.628411814801336,-0.05785275911530885,0.03738906348494855,0.03885940375402554,-0.0014703402690769904,Hypomethylated,WDR4,9673
cg02188862,1.5934368654465183,1.6045898003615364,-0.01115293491501812,0.7510997534829086,0.7525421783444911,-0.0014424248615825253,Hypomethylated,LINC01671,8647
cg21172011,-4.480663603697998,-4.430958107852629,-0.04970549584536954,0.04287031179821193,0.04430648908234758,-0.0014361772841356493,Hypomethylated,RUNX1,156039
cg01920334,-5.594462711608632,-5.495471770579183,-0.09899094102944872,0.02027693214959274,0.02168585206808975,-0.0014089199184970126,Hypomethylated,PRMT2,2942
cg18635497,-3.439194183089415,-3.413114400936904,-0.026079782152510944,0.08441116212691264,0.08581880632411688,-0.0014076441972042386,Hypomethylated,LOC101928126,0
cg01291947,-2.720815362510766,-2.703232483948453,-0.017582878562312665,0.13170974004103495,0.13310979988160096,-0.0014000598405660147,Hypomethylated,LINC01690,26039
cg26666978,-2.058239455313586,-2.0455240442746407,-0.012715411038945135,0.1936191794942758,0.1949989788479849,-0.0013797993537091047,Hypomethylated,LINC01694,15561
cg11575350,-4.902527667630048,-4.841049300793737,-0.061478366836310805,0.03235260455894783,0.03371357654538372,-0.0013609719864358868,Hypomethylated,LINC01684,25
cg16786775,-3.7896265188588303,-3.7591948980176415,-0.030431620841188778,0.0674353613709242,0.06877405676077843,-0.001338695389854233,Hypomethylated,SAMSN1,2953
cg18578690,-1.0103885476308103,-1.0190849672792444,0.00869641964843404,0.33173508224050396,0.3304001340042899,0.0013349482362140508,Hypermethylated,ICOSLG,14865
cg25857090,-4.2877997678711175,-4.329450641392785,0.04165087352166719,0.04870343397932256,0.04738313153486614,0.0013203024444564185,Hypermethylated,SLC19A1,0
cg01555113,-3.2577395454020395,-3.2799309239099403,0.022191378507900872,0.09465366343133401,0.09334371562550674,0.0013099478058272718,Hypermethylated,RUNX1,53815
cg23099102,-4.871261120331347,-4.9308334422227045,0.059572321891357305,0.033037995924428104,0.031743984193315686,0.0012940117311124183,Hypermethylated,LINC01678,7649
cg21038450,-1.362483301781987,-1.371593449635322,0.00911014785333486,0.2800121263300366,0.27874082475639544,0.001271301573641137,Hypermethylated,LINC00320,171570
cg17245627,-0.2678703151397924,-0.26053194339728725,-0.007338371742505179,0.45371450831756827,0.45497554821144065,-0.0012610398938723844,Hypomethylated,ITGB2,3676
cg20474199,-0.016717237658537415,-0.00965123114196798,-0.0070660065165694345,0.4971031558758298,0.4983275753233337,-0.0012244194475038994,Hypomethylated,NRIP1,1374
cg23233189,-0.9542488109612014,-0.9464947444211453,-0.007754066540056059,0.34041736095734765,0.34162519568825056,-0.0012078347309029125,Hypomethylated,CHAF1B,12443
cg22866853,-4.977046800219405,-5.0360215259029655,0.058974725683560436,0.030774050112580265,0.029577887046827844,0.001196163065752421,Hypermethylated,TIAM1,31642
cg12764466,-4.9488487005699255,-4.893127079815779,-0.05572162075414688,0.03136240914844513,0.03255721637424107,-0.0011948072257959366,Hypomethylated,LINC01683,451870
cg23536106,-1.7462131358689035,-1.755972637220904,0.009759501352000433,0.2296333415178582,0.2284388301841071,0.0011945113337510915,Hypermethylated,LINC01548,28641
cg18546236,-0.9735417475677561,-0.9812055914285168,0.0076638438607606885,0.3374211497260898,0.3362345450828916,0.001186604643198197,Hypermethylated,PPP1R2P2,3358
cg16087101,-5.925965369345784,-5.823463996302456,-0.10250137304332796,0.01618160549327344,0.01735243556872495,-0.0011708300754515073,Hypomethylated,PTTG1IP,3469
cg09054743,-3.957360394724994,-3.9283266214354198,-0.02903377328957424,0.060481316845120384,0.06163503390042129,-0.0011537170553009082,Hypomethylated,ABCC13,4811
cg04486778,-4.50544452256241,-4.546814977763079,0.04137045520066884,0.04217101277088388,0.041027808571430936,0.001143204199452942,Hypermethylated,LOC101928796,0
cg06091881,-4.84581792735214,-4.896597980860895,0.050780053508754364,0.03360606372718557,0.03248152403828361,0.001124539688901957,Hypermethylated,PRMT2,2553
cg00495860,-3.950653889845725,-3.9225211113702563,-0.0281327784754688,0.06074600579778666,0.06186818177351762,-0.0011221759757309574,Hypomethylated,SIM2,5890
cg26110991,-3.854344345868518,-3.8285330296718603,-0.025811316196657774,0.0646684319619376,0.06575906241196859,-0.0010906304500309938,Hypomethylated,LINC01678,0
cg03187568,-1.2250667508939705,-1.2176044686610792,-0.00746228223289136,0.2996108665406146,0.3006974009991229,-0.0010865344585083148,Hypomethylated,ETS2,5918
cg13842237,-5.209288762646133,-5.14982962025312,-0.05945914239301242,0.02631871309530028,0.027395736522155652,-0.0010770234268553738,Hypomethylated,PCBP3,0
cg23484755,-6.192988667796515,-6.0807290351069305,-0.11225963268958417,0.013484307451361697,0.01455956974881929,-0.001075262297457592,Hypomethylated,DYRK1A,37332
cg06026160,-3.2710585685662203,-3.2530738997970645,-0.01798466876915583,0.09386548460180588,0.0949311606838023,-0.0010656760819964112,Hypomethylated,IFNGR2,8414
cg04459452,-1.926135099810128,-1.93526341913999,0.009128319329861911,0.2083178225218908,0.20727624557177493,0.0010415769501158634,Hypermethylated,LINC01700,56601
cg11687897,-4.625263957995742,-4.585974625454418,-0.039289332541323496,0.038940979397308534,0.03997306911810661,-0.001032089720798074,Hypomethylated,D21S2088E,427091
cg01732252,-3.4921862068841483,-3.5118783426141014,0.019692135729953097,0.08161534484758243,0.08059807793603753,0.001017266911544898,Hypermethylated,TFF2,8512
cg18766982,-5.354559252603006,-5.293360290629241,-0.06119896197376473,0.023857786388895897,0.02486589640886195,-0.0010081100199660527,Hypomethylated,SYNJ1,3694
cg10897634,-0.3117321949605184,-0.3058880225378245,-0.005844172422693916,0.4461901248705187,0.44719133034083547,-0.0010012054703167905,Hypomethylated,PCBP3,11902
cg16403860,1.8933710104047257,1.9019757444571883,-0.008604734052462648,0.7879119418476949,0.7889069127788382,-0.000994970931143313,Hypomethylated,OLIG2,3830
cg05131075,-4.32877863098312,-4.297549381963989,-0.03122924901913038,0.047404161330526016,0.048391283328177555,-0.0009871219976515383,Hypomethylated,GABPA,18213
cg25638056,-5.330690406158546,-5.391495148211553,0.060804742053007566,0.024246137801235388,0.02326876404121833,0.0009773737600170564,Hypermethylated,LOC101928398,3327
cg17357892,-2.3486945705549656,-2.3589544727693803,0.010259902214414751,0.1641057572976312,0.16313254895515633,0.0009732083424748572,Hypermethylated,LINC01669,15360
cg10226902,-3.608905147515097,-3.5890289761342427,-0.0198761713808544,0.07575292133613457,0.07672317348060442,-0.0009702521444698575,Hypomethylated,IFNAR1,1619
cg00359604,-5.60069939612019,-5.531599770516428,-0.06909962560376126,0.02019123143764925,0.02116088661017588,-0.0009696551725266282,Hypomethylated,DYRK1A,37318
cg05234681,-3.5241247880102913,-3.505589957860348,-0.018534830149943282,0.07997129147625047,0.08092166311524747,-0.0009503716389969996,Hypomethylated,LINC00308,458950
cg27256292,-5.205619487569144,-5.153324562414861,-0.0522949251542828,0.02638396759984741,0.027331262100172383,-0.0009472945003249737,Hypomethylated,WDR4,10074
cg16869524,-4.588465200148391,-4.624522162763667,0.0360569626152758,0.03990687322098726,0.03896022667829407,0.0009466465426931914,Hypermethylated,OLIG2,6031
cg15514380,-2.491917668086843,-2.4813250851839483,-0.010592582902894776,0.15093766018811516,0.15188101929621242,-0.0009433591080972581,Hypomethylated,DYRK1A,631
cg15669314,-4.302193023592411,-4.2730802158682835,-0.029112807724127165,0.048243277608410046,0.049178327348993994,-0.0009350497405839486,Hypomethylated,RCAN1,25567
cg13657446,-5.381300051359858,-5.324356561820368,-0.056943489539490244,0.02342991354344269,0.024350221580650023,-0.0009203080372073326,Hypomethylated,LOC101928796,0
cg21536969,-1.9165161927043317,-1.9245337131387676,0.008017520434435932,0.20941954519314407,0.20850094411336956,0.0009186010797745114,Hypermethylated,PICSAR,13533
cg09289181,-3.0236950988114386,-3.037307172877116,0.013612074065677326,0.10949929996572687,0.10858266805820219,0.0009166319075246815,Hypermethylated,LINC00161,22091
cg23110165,-0.29551691514305956,-0.3008127895273111,0.005295874384251553,0.4489691260065375,0.44806115138041297,0.0009079746261245192,Hypermethylated,ITGB2,3580
cg25211403,-4.938906322939184,-4.896658495264123,-0.04224782767506152,0.03157244315020361,0.03248020586846203,-0.0009077627182584175,Hypomethylated,SLC19A1,0
cg21978815,0.7029277141912728,0.7082169033744127,-0.00528918918313992,0.619454231464659,0.6203180848570619,-0.0008638533924028025,Hypomethylated,IFNAR1,21169
cg24018174,-3.532913673122107,-3.5497994153412096,0.01688574221910244,0.07952421322920358,0.07867166226918541,0.0008525509600181697,Hypermethylated,ERG,0
cg24606218,-4.547554935485362,-4.579119489263668,0.03156455377830625,0.041007633528446635,0.04015581264040305,0.0008518208880435862,Hypermethylated,LINC01690,95
cg15220969,-1.2546297115506104,-1.2487448796119527,-0.005884831938657742,0.2953285818809169,0.29617818048205463,-0.0008495986011377576,Hypomethylated,SIK1,15250
cg22274813,-2.917892798005159,-2.929705834404021,0.01181303639886222,0.11685772284861806,0.11601533454569181,0.000842388302926253,Hypermethylated,SIM2,4313
cg18338064,-4.729181452645271,-4.695142862756624,-0.03403858988864705,0.03633302065008854,0.03716820498858074,-0.0008351843384922022,Hypomethylated,DYRK1A,14
cg02730156,-5.09661816744035,-5.053824559111552,-0.04279360832879764,0.028395820963226164,0.029225736801627954,-0.0008299158384017895,Hypomethylated,SIM2,1464
cg21032292,-5.850342341732938,-5.7814944365645164,-0.06884790516842187,0.017037598379989596,0.017855505156888038,-0.0008179067768984416,Hypomethylated,OLIG2,3149
cg10102336,-3.3744982282417157,-3.3598919045906377,-0.014606323651078057,0.08794217209165915,0.08875762296586152,-0.0008154508742023725,Hypomethylated,LINC00322,7125
cg10872186,-4.4900864192235606,-4.518615178281906,0.02852875905834562,0.042603111277129686,0.041803797729647936,0.0007993135474817503,Hypermethylated,LINC01425,63746
cg17939568,-0.9799586542097217,-0.9748008376988073,-0.005157816510914404,0.3364274700681488,0.33722606174861547,-0.0007985916804666426,Hypomethylated,C21orf91-OT1,46291
cg05289217,-4.190707809958404,-4.214201084905258,0.023493274946853937,0.05191790857065663,0.05112217951689109,0.0007957290537655426,Hypermethylated,MIR6130,178552
cg12892698,-2.475611038819927,-2.4668060425944494,-0.008804996225477701,0.15239191017695491,0.15318192024805255,-0.0007900100710976354,Hypomethylated,IFNAR2,17472
cg10719727,-1.6877049984042867,-1.6939701213973963,0.006265122993109662,0.23688608249172158,0.2361019537848019,0.0007841287069196845,Hypermethylated,RUNX1,156244
cg19161349,-4.701580091183606,-4.733638593899521,0.03205850271591437,0.037008855848813485,0.036225004591738205,0.0007838512570752798,Hypermethylated,LINC01694,3047
cg27558208,-1.1861519554721338,-1.180826541240149,-0.0053254142319847375,0.3053015513075146,0.30608500970049507,-0.0007834583929804961,Hypomethylated,TIAM1,9302
cg01417226,-5.486323240742212,-5.43508785564763,-0.051235385094581254,0.021820794771174032,0.022591834062538636,-0.0007710392913646037,Hypomethylated,LOC102723996,1494
cg17459944,-5.365693272224887,-5.318864842500245,-0.046828429724642184,0.023678715253406674,0.02444081928217233,-0.0007621040287656561,Hypomethylated,KRTAP13-4,3283
cg25191041,-4.726702562843947,-4.758147032123411,0.03144446927946376,0.03639322906501424,0.03563655858479519,0.000756670480219053,Hypermethylated,LINC01679,241
ch.21.420934R,-5.048135721926051,-5.0105835650804655,-0.037552156845585216,0.02933781962948012,0.03008820584003636,-0.0007503862105562413,Hypomethylated,LINC00310,36658
cg04096688,-3.91084112168878,-3.8925247915341945,-0.018316330154585447,0.062339745054197725,0.06308600214838155,-0.0007462570941838206,Hypomethylated,LINC00310,11960
cg21772500,-4.889289910567166,-4.923488230281922,0.034198319714755954,0.03264109455372812,0.03190084595965649,0.0007402485940716311,Hypermethylated,PIGP,20112
cg06097309,-3.035022322908005,-3.0460069435221033,0.01098462061409844,0.10873605696229971,0.10800036420721014,0.0007356927550895703,Hypermethylated,LINC02573,118794
cg18496653,-6.453521241920044,-6.362430897797377,-0.09109034412266759,0.011281560129190054,0.012008005551103098,-0.0007264454219130436,Hypomethylated,DSCR9,0
cg13695906,-5.563025915971613,-5.5123332817880595,-0.05069263418355341,0.020714369300409298,0.021439276075719053,-0.0007249067753097548,Hypomethylated,CFAP298-TCP10L,0
cg24559983,-6.045832500808819,-5.976373624172764,-0.06945887663605532,0.014910721575124252,0.015634665178401036,-0.0007239436032767839,Hypomethylated,DSCR9,0
cg06586707,-4.876852817973746,-4.90943344075378,0.03258062278003404,0.0329143993623659,0.032203086985038196,0.0007113123773277025,Hypermethylated,LINC00323,27867
cg26959316,-3.1461350607887044,-3.134955433586509,-0.011179627202195341,0.10149391368744527,0.10220276448825712,-0.0007088508008118444,Hypomethylated,LINC00159,10029
cg07363526,-4.3645265461746705,-4.387349238951855,0.022822692777184628,0.04629770063800314,0.04560419553657045,0.0006935051014326926,Hypermethylated,OLIG1,6718
cg20572468,-5.329528871793675,-5.287937835455901,-0.04159103633777406,0.024265192703752193,0.024957195330881025,-0.0006920026271288321,Hypomethylated,LOC150051,44298
cg06412358,-5.676582561071248,-5.729722842559172,0.05314028148792449,0.019176495419194313,0.018495825049940424,0.0006806703692538892,Hypermethylated,OLIG2,5869
cg11808885,-4.880179120458468,-4.84985446034991,-0.030324660108558277,0.03284108814836436,0.03351531528593473,-0.0006742271375703712,Hypomethylated,PICSAR,14101
cg12424694,-4.695011438851362,-4.668115041505204,-0.02689639734615845,0.03717146515786198,0.03784448694899404,-0.0006730217911320585,Hypomethylated,LINC01547,1278
cg00289258,-3.812749100707955,-3.8282458753287267,0.015496774620771703,0.06643439688169153,0.0657712914668316,0.0006631054148599352,Hypermethylated,LOC101928796,0
cg02100602,-5.428363870672581,-5.386349060390891,-0.04201481028169063,0.02269497860855624,0.023349970342734044,-0.0006549917341778025,Hypomethylated,OLIG2,1577
cg07828121,-3.3787321430324333,-3.3905410649339762,0.011808921901542924,0.08770706703971204,0.08705432884507855,0.0006527381946334898,Hypermethylated,ABCG1,11820
ch.21.43742285F,-6.725788824244586,-6.628610583572611,-0.09717824067197522,0.009359483985634324,0.010005120717105012,-0.0006456367314706876,Hypomethylated,LINC01669,18443
cg10443091,-3.4335528821974077,-3.4216494218627784,-0.011903460334629301,0.08471386104416517,0.08535580664814546,-0.0006419456039802873,Hypomethylated,LINC00158,55601
cg05075169,-2.219601558656281,-2.213366904037793,-0.006234654618488378,0.17675189950723502,0.1773816073656943,-0.000629707858459283,Hypomethylated,DYRK1A,5512
cg14039613,-1.677367002956338,-1.67237215185073,-0.004994851105607934,0.23818388452884237,0.23881267209909135,-0.0006287875702489787,Hypomethylated,NRIP1,70101
cg06907356,-5.322902804567607,-5.360680036495132,0.03777723192752447,0.02437417251125345,0.023759181449334702,0.0006149910619187467,Hypermethylated,DNMT3L,2083
cg00673357,-4.40841460830607,-4.428998095667201,0.020583487361131247,0.04497287742596798,0.04436405150880062,0.0006088259171673563,Hypermethylated,CRYAA,21311
cg22894441,-5.083698761161857,-5.0526539976700935,-0.03104476349176366,0.028643932477282145,0.029248765494865048,-0.000604833017582903,Hypomethylated,LINC01690,25841
cg06458679,-5.091417804112197,-5.122955746497249,0.03153794238505192,0.02849543978220542,0.027896465167284622,0.000598974614920797,Hypermethylated,SLC19A1,0
cg19505399,-6.613975575506403,-6.700825012201409,0.08684943669500544,0.010106100412973607,0.00952129059653195,0.000584809816441656,Hypermethylated,IFNGR2,19185
cg20081517,-2.08355847018284,-2.0890197483277957,0.0054612781449558945,0.19089383861541218,0.1903098440813725,0.0005839945340396779,Hypermethylated,LINC01690,25975
cg22254647,-3.18084581656114,-3.1901686376600358,0.009322821098895595,0.09932078393796925,0.09874420529519963,0.0005765786427696235,Hypermethylated,LINC01678,7850
ch.21.39866785R,-6.229768281955059,-6.1681925080549975,-0.06157577390006175,0.013149350816712535,0.013714864582753563,-0.0005655137660410276,Hypomethylated,B3GALT5-AS1,24159
cg17784127,-2.224785400400832,-2.2192670934353447,-0.005518306965487163,0.17622966276599794,0.17678563630036082,-0.0005559735343628747,Hypomethylated,LOC101928107,15177
cg04078608,-4.590257954560342,-4.569838973850533,-0.020418980709808743,0.03985928943009903,0.04040448744797817,-0.0005451980178791394,Hypomethylated,LOC101928796,0
cg05858531,-5.028526760509463,-5.00289986664112,-0.025626893868342826,0.029727363573071132,0.030244021662057904,-0.0005166580889867725,Hypomethylated,LINC01678,270
cg01144455,-5.811224413028179,-5.769297714758068,-0.041926698270111196,0.0174976900890071,0.018004368359966823,-0.0005066782709597234,Hypomethylated,LOC101928107,1771
ch.21.114870F,-5.235242855885837,-5.20654013973681,-0.028702716149027196,0.025861608058010015,0.026367579914823174,-0.0005059718568131595,Hypomethylated,MIR548XHG,334185
cg13155300,-0.3257411123963733,-0.32864172782785983,0.0029006154314865085,0.4437919524001491,0.44329572232494124,0.0004962300752078819,Hypermethylated,PCBP3,0
cg12015097,-4.504837262208014,-4.522627305578758,0.01779004337074408,0.04218801814110821,0.04169254337351384,0.0004954747675943658,Hypermethylated,LINC00310,12104
cg17752291,-3.253672880818666,-3.261928085328322,0.008255204509656,0.09489549456200436,0.09440516182472937,0.0004903327372749872,Hypermethylated,CBR3-AS1,0
cg23311364,5.5685075942189926,5.534582656826578,0.0339249373924142,0.979362566664174,0.9788818969998725,0.00048066966430149183,Hypermethylated,GABPA,19061
cg01614127,-6.2440084249064265,-6.298707320931908,0.0546988960254815,0.013021880209325787,0.0125434829241546,0.0004783972851711872,Hypermethylated,PCBP3,631
cg11215918,-4.24513288659264,-4.25964340462547,0.014510518032829545,0.05009209191357174,0.04961566685555056,0.0004764250580211807,Hypermethylated,OLIG2,2543
cg16545290,-6.010315455036447,-6.056697455016719,0.04638199998027215,0.015276680206626756,0.014800506274433047,0.00047617393219370925,Hypermethylated,GABPA,18248
cg16059957,-4.5192399223526465,-4.50237283618751,-0.01686708616513677,0.04178645523307449,0.042257097818188705,-0.0004706425851142143,Hypomethylated,PCBP3,1359
cg11654549,-5.476750325477159,-5.508677622658343,0.031927297181184144,0.021962876176604255,0.021492501088837983,0.000470375087766272,Hypermethylated,IFNGR2,19401
cg10010393,-4.701873062029276,-4.6830411680087325,-0.018831894020543416,0.03700161920852536,0.03746956142730789,-0.0004679422187825258,Hypomethylated,RIPK4,11415
cg05306070,-3.2416034561404916,-3.2338156587576714,-0.007787797382820205,0.09561648276344563,0.09608429707928602,-0.00046781431584039246,Hypomethylated,TRPM2,3185
cg16983817,-6.190942801160645,-6.141999622166138,-0.04894317899450673,0.013503184543028178,0.013962630803794406,-0.00045944626076622856,Hypomethylated,ANKRD20A11P,46918
cg25140663,-2.041270625090241,-2.045484832404967,0.004214207314725993,0.19546219404715984,0.19500324538364788,0.0004589486635119544,Hypermethylated,LINC00161,93531
cg13015908,-4.880807712806012,-4.901356049653971,0.020548336847959092,0.03282725179862627,0.03237803786468018,0.000449213933946091,Hypermethylated,LOC101928107,2149
cg13481379,-4.909555640515743,-4.930326708339193,0.02077106782344984,0.03220044724991862,0.03175478182413293,0.0004456654257856893,Hypermethylated,PCBP3,0
cg11052578,-5.406973120480994,-5.378665779823556,-0.028307340657438118,0.023026176672231623,0.023471729117653533,-0.0004455524454219095,Hypomethylated,LINC01423,2479
cg00612595,-5.78806249987378,-5.75201470238382,-0.03604779748995934,0.01777584203399112,0.018217399000198156,-0.0004415569662070372,Hypomethylated,YBEY,199
ch.21.25580530F,-5.913604764186334,-5.874761225487274,-0.03884353869906043,0.016318568430800835,0.01675644032429105,-0.00043787189349021524,Hypomethylated,LINC00158,99473
cg22151581,-5.152711826726016,-5.129375289451078,-0.023336537274937896,0.02734255512984007,0.02777605055759852,-0.0004334954277584492,Hypomethylated,LINC00161,96577
cg11293610,-5.756178757321576,-5.7221312036883525,-0.03404755363322387,0.018165847677270905,0.018591594642652264,-0.00042574696538135934,Hypomethylated,IFNGR2,19520
cg20907669,-5.774434984223373,-5.740534474550489,-0.03390050967288438,0.017941519118422254,0.018360269827055832,-0.0004187507086335779,Hypomethylated,IFNGR2,19388
cg12497004,-5.930326851465268,-5.892958663116731,-0.03736818834853661,0.016133548010891667,0.016549886285429596,-0.0004163382745379293,Hypomethylated,LINC01690,44055
cg27484412,-5.101883528199024,-5.080325979295568,-0.021557548903455626,0.028295301525484023,0.028709050836863103,-0.0004137493113790802,Hypomethylated,LINC00319,2905
cg07661377,-5.263996526482075,-5.288221599306777,0.02422507282470132,0.02536421930568002,0.0249524094552147,0.0004118098504653188,Hypermethylated,ANKRD20A11P,46730
cg10296468,-4.295981021415146,-4.283406105200292,-0.01257491621485407,0.04844136861281597,0.04884472828321596,-0.00040335967039999143,Hypomethylated,LINC00316,9986
cg15199542,-4.701775623504266,-4.685632729051606,-0.016142894452659817,0.03700402587567041,0.03740482940400831,-0.00040080352833790633,Hypomethylated,CLDN17,92931
cg01523740,-2.296671108568695,-2.2926122021038084,-0.00405890646488638,0.16911237762997333,0.16950806882537314,-0.000395691195399811,Hypomethylated,SLC19A1,0
cg17648210,-5.116342405174131,-5.095569487506442,-0.020772917667689406,0.028021045137891862,0.02841588235719706,-0.0003948372193051976,Hypomethylated,LINC01547,381
cg15318396,-5.5756383978857755,-5.547687104680836,-0.027951293204939276,0.02053777021875941,0.020931146140754142,-0.0003933759219947319,Hypomethylated,DSCR9,0
ch.21.442315R,-5.044703282211418,-5.024965594253513,-0.01973768795790498,0.02940564789466176,0.02979864429697665,-0.00039299640231488936,Hypomethylated,RUNX1,56970
cg00824806,-7.0358896465565905,-6.963181896272711,-0.07270775028387977,0.007562913881632301,0.0079507231056252,-0.00038780922399289826,Hypomethylated,ITGB2-AS1,1277
cg06532933,-0.5363408524525883,-0.5340634193812185,-0.00227743307136985,0.4081150512407729,0.4084964277159249,-0.00038137647515201767,Hypomethylated,LOC100506403,127835
cg05064078,-5.803961713310799,-5.772878472064793,-0.031083241246006033,0.01758444480725173,0.017960538676842885,-0.000376093869591157,Hypomethylated,LOC101928796,0
cg06367734,-4.611015301988575,-4.625342762831819,0.01432746084324421,0.0393122878794847,0.038938935192887915,0.0003733526865967868,Hypermethylated,GET1,9672
cg04285033,-5.293119193118389,-5.3153271818451495,0.022207988726760775,0.024869948891263715,0.024499354539683688,0.0003705943515800274,Hypermethylated,TSPEAR,12011
cg02897005,-6.3864634737897505,-6.341800385648604,-0.04466308814114672,0.011811974887381192,0.012178847129045893,-0.00036687224166470113,Hypomethylated,PCBP3,0
cg03861097,-4.322498012593976,-4.33408954140095,0.011591528806974338,0.04760113531686803,0.047238204125349126,0.0003629311915189018,Hypermethylated,OLIG2,4653
cg23322242,-5.818804526268379,-5.848105096164339,0.02930056989595986,0.017407592149723074,0.01706358858467857,0.0003440035650445032,Hypermethylated,CHAF1B,11252
cg02976054,-5.330145948673527,-5.309969650496211,-0.02017629817731592,0.024255067776559416,0.024588262252984223,-0.0003331944764248078,Hypomethylated,CBR3-AS1,162
cg23336441,-6.281080011421449,-6.243894476760289,-0.037185534661159814,0.01269572564160141,0.013022895360333521,-0.0003271697187321107,Hypomethylated,IGSF5,29307
cg08385874,-6.122841757499126,-6.156706605754857,0.033864848255730884,0.014146639723104473,0.013822974847494791,0.00032366487560968153,Hypermethylated,LINC01547,753
cg01145054,-5.000354124096704,-5.016236852739563,0.015882728642858446,0.03029581834867447,0.029974061190790192,0.00032175715788427747,Hypermethylated,PCBP3,353
cg12480115,-5.461718475751834,-5.482951692972029,0.021233217220195222,0.022187805994583643,0.021870732543440647,0.00031707345114299554,Hypermethylated,RUNX1,156004
cg21357629,-5.323092395252841,-5.342267871247009,0.019175475994168245,0.024371047666242256,0.02405700600631409,0.0003140416599281652,Hypermethylated,PCBP3,0
cg15097762,-5.556935343830212,-5.57889871587352,0.02196337204330856,0.02080018043359854,0.020492359758345315,0.0003078206752532252,Hypermethylated,DSCR9,0
cg06508062,-1.3138102267007417,-1.3116928664647023,-0.0021173602360393673,0.28686401130912415,0.2871643452594567,-0.00030033395033257637,Hypomethylated,SIM2,7542
cg04753583,-2.0046133601534906,-2.001930511542081,-0.0026828486114096606,0.19948885277664044,0.19978598536447872,-0.00029713258783828356,Hypomethylated,PCBP3,1073
cg27315077,0.08321441867544084,0.08152672853539611,0.0016876901400447314,0.5144159633608245,0.5141237471621488,0.0002922161986756988,Hypermethylated,LINC00163,5194
cg16367481,-6.528179297790845,-6.488952166125894,-0.03922713166495129,0.01071869751670028,0.011010886064804137,-0.0002921885481038562,Hypomethylated,UBASH3A,2445
ch.21.18789295F,-5.78968695967131,-5.765772015578419,-0.02391494409289141,0.017756193080362807,0.018047626695830658,-0.00029143361546785096,Hypomethylated,MIR548XHG,66158
cg09671060,-5.402921863960265,-5.384801592885958,-0.01812027107430758,0.023089432677452185,0.023374443745355206,-0.0002850110679030217,Hypomethylated,PCBP3,685
cg10865873,-0.4790344543274237,-0.48072220506301944,0.0016877507355957388,0.4177440066742984,0.4174594844969235,0.0002845221773749018,Hypermethylated,LINC01700,39125
cg02983163,-5.146903727015446,-5.131884483502879,-0.015019243512567115,0.02744982682309946,0.02772912171259598,-0.00027929488949652095,Hypomethylated,LINC01694,3106
cg10588516,-1.329095093898083,-1.33106517266782,0.0019700787697369826,0.2847015321933422,0.2844235234727545,0.0002780087205876969,Hypermethylated,CRYAA,846
cg19118951,-0.7706140712077844,-0.7688929822380189,-0.0017210889697654164,0.36954972744065273,0.3698277115978319,-0.00027798415717916747,Hypomethylated,LINC00310,12850
cg07052251,-5.862842052484937,-5.839213725043486,-0.02362832744145127,0.016893102817996608,0.017167265759673,-0.00027416294167639105,Hypomethylated,LOC101928796,291
cg09866576,-5.335243846021951,-5.352018919191047,0.016775073169095656,0.024171579514944877,0.023898827922036875,0.0002727515929080021,Hypermethylated,LINC02573,0
cg09962400,-6.26818967722343,-6.2390462355715295,-0.029143441651900304,0.012808209533697322,0.013066160210745059,-0.00025795067704773716,Hypomethylated,DYRK1A,37500
cg14011726,-6.314072332497668,-6.344411499941844,0.030339167444176418,0.01241225037121491,0.01215709246124983,0.00025515790996507963,Hypermethylated,SH3BGR,2986
ch.21.19455351R,-6.452025649790004,-6.419535258042881,-0.03249039174712287,0.011293129253174735,0.01154737285740001,-0.0002542436042252752,Hypomethylated,MIR548XHG,401350
cg24277247,-4.930058938110234,-4.942021229331819,0.011962291221585097,0.031760488983358204,0.03150649439416617,0.0002539945891920359,Hypermethylated,PRMT2,13211
cg21858106,-5.326412858993045,-5.311302328206087,-0.015110530786958343,0.024316382870307372,0.024566117252397813,-0.0002497343820904406,Hypomethylated,SLC19A1,0
cg14365143,-5.618801329232639,-5.600603877919479,-0.018197451313159974,0.019944489975008937,0.020192541311640843,-0.0002480513366319055,Hypomethylated,PRMT2,3010
cg08371034,-5.34133410520575,-5.326180427074106,-0.015153678131643922,0.024072206698096527,0.024320205502367128,-0.0002479988042706008,Hypomethylated,PRMT2,2074
ch.21.35952245R,-6.5484762886915355,-6.515235789900893,-0.033240498790642725,0.01057053697677505,0.010814251097943874,-0.00024371412116882402,Hypomethylated,MIR802,62637
ch.21.40139802R,-6.77181689777512,-6.8108391332718785,0.039022235496758206,0.009068255125881972,0.008828399453505867,0.00023985567237610507,Hypermethylated,PCP4,21431
cg26673832,-6.414677600464804,-6.386122985826746,-0.028554614638058418,0.011585867992616055,0.011814730000056369,-0.0002288620074403138,Hypomethylated,SETD4,5756
cg02767539,-5.167690862968527,-5.180219038806075,0.012528175837547728,0.027067779383397158,0.026840025466872402,0.00022775391652475607,Hypermethylated,ANKRD20A11P,47225
cg11500660,-5.4600921947176255,-5.4451025529656665,-0.014989641751959049,0.02221227547803405,0.022439059120062936,-0.00022678364202888615,Hypomethylated,LINC01671,1487
cg04296397,-5.7678510981976245,-5.786343322677757,0.018492224480132435,0.018022105200054987,0.0177966599129657,0.00022544528708928757,Hypermethylated,IFNAR1,20824
cg17263823,-6.771913916878515,-6.7361585282529175,-0.03575538862559746,0.009067650849178446,0.009293074660869574,-0.00022542381169112814,Hypomethylated,CFAP298-TCP10L,0
ch.21.29704823F,-6.263841565035637,-6.239777929151404,-0.024063635884233214,0.0128463735428699,0.013059621630233316,-0.00021324808736341606,Hypomethylated,BACH1-IT2,36652
cg22544673,-5.644920107643429,-5.629162104872952,-0.01575800277047712,0.01959367184782564,0.019804597353842646,-0.00021092550601700677,Hypomethylated,PRMT2,3114
cg13576479,-5.725812369746193,-5.742555233520532,0.01674286377433898,0.018545095611031657,0.018335042095264174,0.00021005351576748252,Hypermethylated,LINC00114,4927
cg22228982,-6.033450484375387,-6.053579422270715,0.020128937895328214,0.01503731183432537,0.014832053587283569,0.00020525824704180178,Hypermethylated,LOC102723996,1812
cg11316868,-6.483402353837369,-6.510346096275956,0.026943742438587215,0.011052855652479994,0.010850567402114163,0.00020228825036583062,Hypermethylated,DSCR9,0
cg00173216,-2.2690729853180347,-2.2711041403082164,0.002031154990181694,0.17181737641218978,0.17161713171056242,0.00020024470162735564,Hypermethylated,HSF2BP,12014
cg13054503,-6.450237031405014,-6.474968093522892,0.02473106211787801,0.011306980477407103,0.011116941480213645,0.00019003899719345803,Hypermethylated,CHAF1B,11282
cg04236639,2.913234067344985,2.910608572029391,0.002625495315593973,0.8828086061698304,0.8826201972212135,0.000188408948616825,Hypermethylated,OLIG2,1074
cg09538135,-6.441727802115892,-6.46468335595022,0.022955553834328235,0.011373107070177696,0.011195585068139644,0.00017752200203805142,Hypermethylated,DSCR9,0
cg18453446,-5.368580983230221,-5.379696992093209,0.011116008862988025,0.023632486085800927,0.023455351319362848,0.0001771347664380786,Hypermethylated,ADAMTS1,1659
ch.21.40017320F,-7.526317492419905,-7.480163339683011,-0.046154152736894716,0.005395146624147182,0.005569559811234718,-0.00017441318708753643,Hypomethylated,IGSF5,21883
cg26650574,-1.7865635569924205,-1.787994473902623,0.0014309169102024732,0.22472306268096418,0.22455030960359706,0.00017275307736711043,Hypermethylated,LINC02246,0
cg25851671,-5.988738004693302,-6.004771386154869,0.01603338146156652,0.015503311883164235,0.015334597262561226,0.00016871462060300858,Hypermethylated,CBR3-AS1,1239
cg05237584,-5.768105621728041,-5.7549255657670475,-0.013180055960993364,0.01801898326615727,0.01818134720641915,-0.00016236394026188095,Hypomethylated,LINC00323,72845
cg11851910,-5.332117687808137,-5.322566482150339,-0.009551205657797546,0.02422274331058231,0.02437971675864374,-0.00015697344806142946,Hypomethylated,LOC101928107,1923
ch.21.45966675F,-4.330969566022825,-4.335749711591735,0.004780145568910044,0.04733563118958631,0.04718643992328378,0.00014919126630252855,Hypermethylated,PCBP3,0
cg02184772,-5.697817169973821,-5.686584048638555,-0.011233121335266105,0.018901605175072892,0.01904653736451969,-0.00014493218944679892,Hypomethylated,PCBP3,610
cg18420690,-5.589730420305541,-5.599981182136409,0.010250761830867816,0.02034219800830409,0.020201082593417574,0.00014111541488651472,Hypermethylated,PCBP3,173
cg25823142,-5.062316193674645,-5.069413926192418,0.00709773251777257,0.029059204883881036,0.02892071577236489,0.0001384891115161456,Hypermethylated,LOC101928796,0
cg08910619,-4.171049198789023,-4.175016339834598,0.003967141045575495,0.052592738705342104,0.052455892945032064,0.00013684576031004064,Hypermethylated,LINC01549,95619
cg17383940,-6.148000670728223,-6.133925302200615,-0.014075368527607601,0.013905478272742619,0.014039894216508761,-0.0001344159437661422,Hypomethylated,DYRK1A,37744
cg14461613,-5.798488876315758,-5.8096915010884365,0.01120262477267886,0.01765009815037906,0.017515966025337778,0.0001341321250412815,Hypermethylated,PIGP,20029
cg08041992,0.22219395630181366,0.22295113445788525,-0.0007571781560715973,0.5384273504101345,0.538557781747763,-0.00013043133762857817,Hypomethylated,LINC00159,3675
cg20802276,-6.151516643854276,-6.165222198688764,0.013705554834488431,0.013872100213147638,0.013742742224618649,0.00012935798852898965,Hypermethylated,IFNAR2,13723
cg08292120,-5.396723395649549,-5.404887090841999,0.008163695192449971,0.023186543590774867,0.023058726616009488,0.00012781697476537887,Hypermethylated,ITGB2-AS1,1523
ch.21.17972289F,-6.922065147875918,-6.899653291501615,-0.022411856374302985,0.008178698339079221,0.008305680582266007,-0.00012698224318678612,Hypomethylated,BTG3-AS1,63996
cg22990871,-1.18356062714032,-1.1844128490336328,0.0008522218933126879,0.305682639095721,0.30555727964344825,0.00012535945227276635,Hypermethylated,C2CD2,3450
cg05882300,-2.357739963001125,-2.3564440049143487,-0.0012959580867764053,0.16324750899986037,0.1633702504809162,-0.00012274148105581584,Hypomethylated,LINC01689,32025
cg22150024,-5.753098219438495,-5.743380571085049,-0.009717648353446684,0.018203971171915433,0.018324748132160392,-0.00012077696024495946,Hypomethylated,LINC01549,168509
cg19320275,-6.476502011259672,-6.49218668581422,0.015684674554547584,0.011105259080544126,0.01098649824392538,0.00011876083661874551,Hypermethylated,PCBP3,230
cg26606789,-3.297816107312976,-3.295774661265255,-0.0020414460477207186,0.09229981980750673,0.09241843960792578,-0.00011861980041905085,Hypomethylated,WDR4,9970
cg22577685,-5.943513971973257,-5.933527759737728,-0.009986212235529202,0.01598909656776761,0.016098367790071212,-0.00010927122230360367,Hypomethylated,LOC388813,33399
ch.21.33444458F,-6.887429625150678,-6.906361926475167,0.01893230132448931,0.008375759994703429,0.008267466797828712,0.00010829319687471681,Hypermethylated,LINC01548,15187
ch.21.28584518R,-6.187498560512416,-6.175867871898996,-0.01163068861341987,0.013535023243681787,0.013643085929622139,-0.00010806268594035218,Hypomethylated,LINC01695,61661
cg02719996,2.9062287514227494,2.907660710257749,-0.0014319588349995804,0.8823053111516175,0.8824083419229406,-0.00010303077132312044,Hypomethylated,LINC00322,7913
cg20059425,-6.431024442397927,-6.444206854320608,0.013182411922681325,0.011456827676178226,0.011353802591389682,0.00010302508478854389,Hypermethylated,CFAP298-TCP10L,0
cg24399395,-6.2864209036486836,-6.274668581373465,-0.011752322275218496,0.012649406067280666,0.012751550770162802,-0.00010214470288213637,Hypomethylated,OLIG2,6039
cg09010830,-5.191305211492113,-5.196988387656309,0.005683176164195558,0.026640041152343575,0.026538084559562688,0.00010195659278088715,Hypermethylated,COL6A2,40572
cg03239638,-5.739069675973633,-5.746983950819725,0.007914274846092084,0.018378578081943247,0.018279871634800233,9.870644714301408e-05,Hypermethylated,DOP1B,0
cg20285548,-5.031262507231537,-5.026424849545027,-0.0048376576865099,0.02967271683037643,0.02976941565865288,-9.669882827645013e-05,Hypomethylated,LINC01679,21079
cg07980197,-4.914291916035966,-4.9100110792798,-0.004280836756165307,0.032098296186478574,0.0321906107942335,-9.231460775492584e-05,Hypomethylated,LINC01700,7931
cg13620184,-2.395521257551216,-2.3945592658868593,-0.0009619916643566206,0.15970175932564504,0.15979126250571776,-8.950318007272529e-05,Hypomethylated,ADAMTS5,308348
cg23416788,-4.535281874725004,-4.538517050977199,0.00323517625219516,0.04134349073215904,0.0412547042305983,8.878650156073781e-05,Hypermethylated,PCBP3,0
cg02477557,-3.4448746903416,-3.4465286894697424,0.0016539991281425692,0.08410735195458978,0.08401907807835256,8.82738762372215e-05,Hypermethylated,TRPM2,3093
cg23789846,-5.4362416271001575,-5.431294456111798,-0.004947170988359062,0.022574181534989708,0.022649967600900954,-7.578606591124651e-05,Hypomethylated,RWDD2B,1477
cg27267276,-6.271394856550132,-6.279925846870009,0.00853099031987714,0.012780148881617397,0.012705757261222904,7.439162039449276e-05,Hypermethylated,LINC00649,7076
cg07385577,-6.4399101731022235,-6.44889377703599,0.008983603933766737,0.01138728163184545,0.011317393803164199,6.988782868125147e-05,Hypermethylated,LOC101928796,0
cg15571330,-7.005562644059894,-6.992809214665646,-0.012753429394247284,0.007722336516772251,0.0077903704532666625,-6.803393649441186e-05,Hypomethylated,DSCR9,0
cg21303803,-5.477360839196211,-5.472967048847961,-0.0043937903482502705,0.021953787982608802,0.02201927663460678,-6.548865199797888e-05,Hypomethylated,LINC01547,1114
cg00680728,-5.673797490613177,-5.669002919879582,-0.004794570733595016,0.019212838766406993,0.01927556303138888,-6.272426498188724e-05,Hypomethylated,PIGP,20014
cg24968283,-4.9680932682214465,-4.9650852161701735,-0.003008052051272969,0.03095969999743803,0.031022314388773422,-6.261439133539021e-05,Hypomethylated,WDR4,9578
cg23572000,-5.529124310245249,-5.533255286052723,0.004130975807473902,0.02119645657714288,0.021137131049744504,5.9325527398377403e-05,Hypermethylated,PCBP3,175
cg26504019,-5.376470666853866,-5.373011430350401,-0.003459236503465135,0.023506629256907576,0.023561730530528062,-5.510127362048575e-05,Hypomethylated,CBR3-AS1,57
cg00118317,-4.343059883355174,-4.344823085171882,0.001763201816707749,0.04695914907708011,0.04690448289168059,5.466618539952395e-05,Hypermethylated,OLIG2,6213
cg06793050,-6.025694976921174,-6.030811915221558,0.005116938300384177,0.015117140396850248,0.01506442431010995,5.27160867402985e-05,Hypermethylated,RUNX1,2075
cg17485870,-6.323842452706198,-6.3300166331798575,0.006174180473659696,0.012329509849727324,0.012277503477150826,5.2006372576497706e-05,Hypermethylated,LINC01668,4101
cg13753900,-5.187380938632612,-5.184632725534962,-0.002748213097650165,0.026710665152019343,0.026760232322540704,-4.956717052136128e-05,Hypomethylated,CBR3-AS1,71
cg01509792,-6.827232885825904,-6.835185048137263,0.007952162311359423,0.008729518461086485,0.008681950161332932,4.7568299753553145e-05,Hypermethylated,ABCG1,10869
ch.21.43554353R,-6.296571481139222,-6.3017065409879445,0.005135059848722534,0.012561833246721835,0.012517759434784122,4.407381193771362e-05,Hypermethylated,LINC00322,12163
cg06581978,-6.527545638682325,-6.533378302099293,0.005832663416968309,0.010723355911506428,0.010680552140100162,4.280377140626623e-05,Hypermethylated,OLIG2,7400
ch.21.36723363F,-5.59874198081722,-5.595642668125002,-0.0030993126922176373,0.020218090776436402,0.020260690630154208,-4.2599853717805586e-05,Hypomethylated,CHAF1B,10180
cg12355360,-5.362025234677646,-5.359422734317404,-0.0026025003602425656,0.023737563856653484,0.02377940390191637,-4.184004526288504e-05,Hypomethylated,LOC101928269,21969
cg26906670,-3.7540461634668976,-3.7549696278901243,0.0009234644232267719,0.06900297167707029,0.06896186220424053,4.1109472829758964e-05,Hypermethylated,LINC01423,6730
cg13663738,-4.90357125312661,-4.905375521277579,0.0018042681509689018,0.03232996682395907,0.0322908642718957,3.9102552063366436e-05,Hypermethylated,OLIG2,5486
ch.21.27853252F,-6.421499441351874,-6.426150572618938,0.004651131267063846,0.011531843347710265,0.011495152164383505,3.669118332676018e-05,Hypermethylated,LINC00113,163316
cg06164636,-6.149702325854241,-6.146044070587041,-0.0036582552671999835,0.013889314136446848,0.013924087072116715,-3.477293566986686e-05,Hypomethylated,SLC19A1,0
cg07952254,-2.732130241602237,-2.7325705175103194,0.00044027590808237704,0.13081539861272906,0.1307807031771482,3.469543558085042e-05,Hypermethylated,RSPH1,5124
cg23191073,-6.917853285358595,-6.91195368780769,-0.00589959755090419,0.00820241431426141,0.00823574822595243,-3.333391169101953e-05,Hypomethylated,GABPA,29210
cg24341911,-2.328421099213805,-2.32809184398089,-0.0003292552329146048,0.1660425196723545,0.16607412457599058,-3.160490363607327e-05,Hypomethylated,BRWD1-AS1,0
cg12919873,0.033895669434122144,0.03407575917894389,-0.00018008974482174728,0.5058734017511971,0.5059046045968006,-3.1202845603539586e-05,Hypomethylated,DYRK1A,31156
cg27173610,-0.2595216457178456,-0.2593416347926606,-0.0001800109251849924,0.4551492053081416,0.4551801480028448,-3.094269470316213e-05,Hypomethylated,HSF2BP,20999
cg24760696,-4.594501918280717,-4.595597910526722,0.0010959922460047622,0.03974686161062737,0.03971787685277374,2.8984757853629806e-05,Hypermethylated,ITGB2,4824
cg08209099,-5.210838580415117,-5.2096079878655805,-0.0012305925495361691,0.02629119828059036,0.026313043414487612,-2.184513389725043e-05,Hypomethylated,CFAP298-TCP10L,0
cg26205217,-6.031870583302486,-6.0303110631139285,-0.0015595201885574284,0.015053540245585122,0.015069576222238076,-1.6035976652954004e-05,Hypomethylated,DOP1B,0
cg18133531,-1.9611700565926573,-1.9610600842474109,-0.00010997234524645627,0.2043411690594845,0.20435356277424144,-1.2393714756947505e-05,Hypomethylated,SIM2,6230
cg13095416,-6.829239106021442,-6.827818330909183,-0.0014207751122583545,0.008717493328939164,0.008726007649617135,-8.514320677971421e-06,Hypomethylated,CFAP298-TCP10L,0
cg13395516,-6.506067477020361,-6.505316397726203,-0.0007510792941580746,0.010882444121347076,0.01088804938698617,-5.60526563909286e-06,Hypomethylated,LINC00323,28147
cg00362657,-5.1378244960617465,-5.137938034853668,0.00011353879192110838,0.027618333910680692,0.027616220480901704,2.1134297789882073e-06,Hypermethylated,LINC00319,2888
cg08658318,-6.182675660868827,-6.182558686153055,-0.00011697471577232221,0.013579730786449798,0.01358081693127145,-1.0861448216520353e-06,Hypomethylated,ITGB2-AS1,1734
