cpg_id,chr,start,target_gene,distance_bp
cg12459059,chr21,10884747,TPTE,21994
cg23347501,chr21,10884968,TPTE,21773
cg06651563,chr21,15309845,LOC110091776,3646
cg25507885,chr21,15436259,LIPI,44872
cg16038510,chr21,15443106,LIPI,38025
cg24803637,chr21,15444236,LIPI,36895
cg11601519,chr21,15451241,LIPI,29890
cg17675333,chr21,15451400,LIPI,29731
cg18017082,chr21,15455197,LIPI,25934
cg09195805,chr21,15455709,LIPI,25422
cg00525436,chr21,15456342,LIPI,24789
cg19509405,chr21,15456604,LIPI,24527
cg24114772,chr21,15457265,LIPI,23866
cg15235306,chr21,16440469,NRIP1,3149
cg25254949,chr21,17098255,USP25,3996
cg20545330,chr21,17100365,USP25,1886
cg04685531,chr21,18988293,BTG3-AS1,1872
cg25387466,chr21,19195208,C21orf91,3536
cg00955547,chr21,19614111,CHODL,0
cg07033513,chr21,22367345,NCAM2,3380
cg01164574,chr21,22368939,NCAM2,1786
cg23720384,chr21,23747054,LINC00308,258208
cg25946965,chr21,25582900,LINC01689,93961
cg05198244,chr21,26732917,LINC00158,25214
cg11575131,chr21,26733562,LINC00158,24569
cg21498326,chr21,26735729,LINC00158,22402
cg16786200,chr21,26930793,MIR155HG,3662
cg23804585,chr21,26983957,MRPL39,4165
cg24943066,chr21,27009141,JAM2,2427
cg14638315,chr21,27546071,APP,2626
cg10394068,chr21,28514325,ADAMTS5,174919
ch.21.284298R,chr21,30188219,N6AMT1,56292
cg24359868,chr21,30261523,N6AMT1,3829
cg24553619,chr21,30368285,LTN1,3088
cg00254426,chr21,30374027,RWDD2B,2676
cg18319984,chr21,30374747,RWDD2B,1956
cg17251034,chr21,30375085,RWDD2B,1618
cg14729175,chr21,30393308,RWDD2B,1617
cg25795774,chr21,30667399,BACH1,3842
cg20230411,chr21,31315998,GRIK1,3629
cg06086990,chr21,31970927,KRTAP6-2,76
cg19306866,chr21,31970996,KRTAP6-2,7
cg09057954,chr21,32935545,LOC150051,2746
cg13315838,chr21,33029688,SOD1,2316
cg23200357,chr21,33108676,SCAF4,4246
cg15636421,chr21,33242494,HUNK,2837
cg11071242,chr21,33654979,MIS18A,3620
cg16826218,chr21,33768090,URB1-AS1,1825
cg13489127,chr21,33781500,EVA1C,2529
cg01082437,chr21,33945063,CFAP298-TCP10L,0
cg01881464,chr21,34104078,PAXBP1-AS1,0
cg16580937,chr21,34347125,LINC01690,14254
cg03741824,chr21,34350406,LINC01690,17535
cg05183668,chr21,34350583,LINC01690,17712
cg00376979,chr21,34350726,LINC01690,17855
cg24444839,chr21,34350729,LINC01690,17858
cg11912202,chr21,34350874,LINC01690,18003
cg12349676,chr21,34350933,LINC01690,18062
cg04847841,chr21,34351147,LINC01690,18276
cg21147063,chr21,34354926,LINC01690,22055
cg03366312,chr21,34388563,OLIG2,9678
cg03861097,chr21,34393588,OLIG2,4653
cg02965237,chr21,34393667,OLIG2,4574
cg16403860,chr21,34394411,OLIG2,3830
cg21032292,chr21,34395092,OLIG2,3149
cg05634149,chr21,34395316,OLIG2,2925
cg10829693,chr21,34396220,OLIG2,2021
cg13524919,chr21,34396505,OLIG2,1736
cg18374181,chr21,34401797,OLIG2,307
cg04236639,chr21,34402564,OLIG2,1074
cg02139827,chr21,34404456,OLIG2,2966
cg14172108,chr21,34405552,OLIG2,4062
cg00274965,chr21,34405680,OLIG2,4190
cg10915739,chr21,34405732,OLIG2,4242
cg04836472,chr21,34405996,OLIG2,4506
cg13821571,chr21,34406536,OLIG2,5046
cg10477592,chr21,34406588,OLIG2,5098
cg03534481,chr21,34439544,LINC00945,2160
cg24937995,chr21,34448037,OLIG1,3319
cg10375884,chr21,34599968,IFNAR2,2230
cg23056155,chr21,34855565,TMEM50B,3250
cg05399211,chr21,35291410,ATP5PO,3303
cg08309687,chr21,35320595,LINC00649,0
cg27037013,chr21,35320666,LINC00649,0
cg27232166,chr21,35442066,SLC5A3,3810
cg00874051,chr21,35570815,LINC00310,8596
cg19118951,chr21,35575069,LINC00310,12850
ch.21.420934R,chr21,35598877,LINC00310,36658
cg04896620,chr21,35745354,KCNE2,1675
cg09964921,chr21,35885766,KCNE1,1259
cg02471848,chr21,35990153,RCAN1,2742
cg22560083,chr21,36038532,CLIC6,2759
cg04187708,chr21,36693059,LOC100506403,51744
cg03098981,chr21,37021314,LOC100506403,68253
cg00199065,chr21,37093339,MIR802,234
cg18546236,chr21,37255383,PPP1R2P2,3358
cg07330438,chr21,37258459,PPP1R2P2,282
cg11319265,chr21,37258821,PPP1R2P2,0
cg27533201,chr21,37259318,PPP1R2P2,0
cg00638202,chr21,37259423,PPP1R2P2,0
cg05409047,chr21,37259563,PPP1R2P2,0
cg06565377,chr21,37263528,PPP1R2P2,2804
cg12218747,chr21,37451665,LOC100133286,0
cg08632701,chr21,37451848,LOC100133286,0
cg11398623,chr21,37499188,LOC100133286,251
cg14411929,chr21,37500449,LOC100133286,1512
cg05291773,chr21,37500641,LOC100133286,1704
cg17499729,chr21,37504754,CBR3-AS1,0
cg02875805,chr21,37527188,CBR3-AS1,0
cg17752291,chr21,37528205,CBR3-AS1,0
cg26504019,chr21,37528662,CBR3-AS1,57
cg13753900,chr21,37528676,CBR3-AS1,71
cg02976054,chr21,37528767,CBR3-AS1,162
cg03239638,chr21,37529509,DOP1B,0
cg26205217,chr21,37529763,DOP1B,0
cg00622655,chr21,37667638,DOP1B,1067
cg24338411,chr21,37667809,DOP1B,1238
cg13402292,chr21,37667920,DOP1B,1349
cg22820639,chr21,37668061,DOP1B,1490
cg05163357,chr21,37668480,DOP1B,1909
cg01233397,chr21,37754780,CHAF1B,2908
cg19387359,chr21,38061987,SIM2,9426
cg06508062,chr21,38063871,SIM2,7542
cg19856593,chr21,38064235,SIM2,7178
cg25940392,chr21,38064698,SIM2,6715
cg18133531,chr21,38065183,SIM2,6230
cg00495860,chr21,38065523,SIM2,5890
cg03612413,chr21,38066917,SIM2,4496
cg22274813,chr21,38067100,SIM2,4313
cg16564033,chr21,38067740,SIM2,3673
cg08064488,chr21,38068042,SIM2,3371
cg24459147,chr21,38068580,SIM2,2833
cg24127719,chr21,38068659,SIM2,2754
cg09408917,chr21,38069320,SIM2,2093
cg24112562,chr21,38070040,SIM2,1373
cg15367378,chr21,38366368,HLCS,3858
cg27038480,chr21,38374376,RIPPLY3,4072
cg06592890,chr21,38376100,RIPPLY3,2348
cg14897025,chr21,38642596,VPS26C,2188
cg15514380,chr21,38737242,DYRK1A,631
cg18566883,chr21,38919675,DYRK1A,21017
cg20208203,chr21,38932834,DYRK1A,34176
cg02010760,chr21,38934791,DYRK1A,36133
cg23474190,chr21,38937108,DYRK1A,38450
cg17731209,chr21,38937315,DYRK1A,38657
cg11022525,chr21,39600120,KCNJ15,1726
cg09546220,chr21,40036489,ERG,2783
cg13472610,chr21,40174790,ETS2,2315
cg24341911,chr21,40689520,BRWD1-AS1,0
cg01619490,chr21,40724241,HMGN1,3228
cg13299023,chr21,40748323,GET1,3845
cg08493762,chr21,42222712,DSCAM,3629
cg15377887,chr21,42440660,LINC00323,72765
cg03868978,chr21,42537293,MIR3197,2189
cg04047566,chr21,42675291,FAM3B,13435
cg18752716,chr21,42675734,FAM3B,12992
cg14641018,chr21,42676113,FAM3B,12613
cg01117788,chr21,42676248,FAM3B,12478
cg19968619,chr21,42676390,FAM3B,12336
cg19832832,chr21,42676781,FAM3B,11945
cg14179031,chr21,42679821,FAM3B,8905
cg24493120,chr21,42685305,FAM3B,3421
cg02057463,chr21,42789921,MX1,2562
cg00097639,chr21,43157460,RIPK4,2071
cg06230839,chr21,43189891,RIPK4,2680
cg22622328,chr21,43195070,RIPK4,7859
cg00152948,chr21,43197204,RIPK4,9993
cg14897238,chr21,43198282,RIPK4,11071
cg21863949,chr21,43198430,RIPK4,11219
cg02519892,chr21,43198585,RIPK4,11374
cg20533952,chr21,43198600,RIPK4,11389
cg10010393,chr21,43198626,RIPK4,11415
cg05532966,chr21,43198796,RIPK4,11585
cg15236484,chr21,43201903,RIPK4,14692
cg22990871,chr21,43377576,C2CD2,3450
cg23034420,chr21,43434316,ZNF295-AS1,0
cg10641258,chr21,43484278,UMODL1,0
cg13689342,chr21,43722760,ABCG1,5407
cg03630591,chr21,43724559,ABCG1,7206
cg06815826,chr21,43725201,TFF3,6574
cg24876492,chr21,43725881,TFF3,5894
cg25408700,chr21,43726164,TFF3,5611
cg07456546,chr21,43726314,TFF3,5461
cg11985424,chr21,43726996,TFF3,4779
cg01256260,chr21,43729656,TFF3,2119
cg18749097,chr21,44004594,SLC37A1,3063
cg03254566,chr21,44006595,SLC37A1,5064
cg04121561,chr21,44007549,SLC37A1,6018
cg11304968,chr21,44016193,LINC01671,3319
cg18403852,chr21,44016327,LINC01671,3185
cg07391141,chr21,44035033,LINC01671,0
cg11500660,chr21,44036691,LINC01671,1487
cg16544704,chr21,44037276,LINC01671,2072
cg01074392,chr21,44037323,LINC01671,2119
cg14719752,chr21,44037469,LINC01671,2265
cg25360059,chr21,44040168,LINC01671,4964
cg08136416,chr21,44060832,PDE9A,12897
cg05030553,chr21,44061402,PDE9A,12327
cg04090347,chr21,44061596,PDE9A,12133
cg11852796,chr21,44062182,PDE9A,11547
cg07128124,chr21,44070429,PDE9A,3300
cg00699461,chr21,44071899,PDE9A,1830
cg11943058,chr21,44253515,WDR4,9673
cg24968283,chr21,44253610,WDR4,9578
cg04289033,chr21,44254205,WDR4,8983
cg06546183,chr21,44257071,WDR4,6117
cg23658739,chr21,44257295,WDR4,5893
cg03543861,chr21,44258194,WDR4,4994
cg18192155,chr21,44258297,WDR4,4891
cg24014805,chr21,44261236,WDR4,1952
cg23256367,chr21,44302283,WDR4,2585
cg08751406,chr21,44470899,CBS,2400
cg13222920,chr21,44512710,U2AF1,354
cg10957180,chr21,44531118,U2AF1L5,3403
cg19452992,chr21,44571871,FRGCA,10670
cg04498775,chr21,44573061,FRGCA,11860
cg15231205,chr21,44573853,FRGCA,12652
cg22240717,chr21,44573946,FRGCA,12745
cg15467834,chr21,44574021,FRGCA,12820
cg11950299,chr21,44575180,CRYAA,13936
cg14627805,chr21,44576591,CRYAA,12525
cg26741373,chr21,44585505,CRYAA,3611
cg20954971,chr21,44593641,CRYAA,722
cg21895314,chr21,44593707,CRYAA,788
cg08247806,chr21,44596363,CRYAA,3444
cg05010111,chr21,44717774,LINC00322,24313
cg15855040,chr21,44719218,LINC00322,22869
cg25410746,chr21,44720918,LINC00322,21169
cg08451325,chr21,44720983,LINC00322,21104
cg23060618,chr21,44721076,LINC00322,21011
cg09112190,chr21,44722857,LINC00322,19230
cg21386992,chr21,44724718,LINC00322,17369
cg04781339,chr21,44781685,LINC01679,0
cg10251070,chr21,44781957,LINC01679,0
cg02260098,chr21,44782433,LINC01679,205
cg25191041,chr21,44782469,LINC01679,241
cg14081667,chr21,44782496,LINC01679,268
cg19318330,chr21,44782871,LINC01679,643
cg15555709,chr21,44786240,LINC01679,4012
cg23036852,chr21,44809982,SIK1,24379
cg16374972,chr21,44811964,SIK1,22397
cg08511764,chr21,44813352,SIK1,21009
cg15143447,chr21,44813377,SIK1,20984
cg07871532,chr21,44816570,SIK1,17791
cg19747745,chr21,44817304,SIK1,17057
cg26703511,chr21,44817419,SIK1,16942
cg02651190,chr21,44818923,SIK1,15438
cg15220969,chr21,44819111,SIK1,15250
cg17122157,chr21,44819444,SIK1,14917
cg09714100,chr21,44821391,SIK1,12970
cg13591648,chr21,44821450,SIK1,12911
cg18527771,chr21,44829110,SIK1,5251
cg22856279,chr21,44830476,SIK1,3885
cg19880185,chr21,44830845,SIK1,3516
cg11209957,chr21,44830920,SIK1,3441
cg03566291,chr21,44831039,SIK1,3322
cg04824511,chr21,44831061,SIK1,3300
cg16708938,chr21,44832349,SIK1,2012
cg08155625,chr21,44851243,SIK1,4233
cg06430509,chr21,44853469,SIK1,6459
cg08073507,chr21,44861616,LINC00319,4863
cg03385918,chr21,44862424,LINC00319,4055
cg17806069,chr21,44863610,LINC00319,2869
cg12111500,chr21,44863961,LINC00319,2518
cg09208331,chr21,44864003,LINC00319,2476
cg07856962,chr21,44864360,LINC00319,2119
cg08431893,chr21,44864599,LINC00319,1880
cg20341238,chr21,44865763,LINC00319,716
cg06965300,chr21,44867262,LINC00319,0
cg26106921,chr21,44875052,LINC00319,1271
cg04847243,chr21,44875936,LINC00319,2155
cg26616156,chr21,44876289,LINC00319,2508
cg00362657,chr21,44876669,LINC00319,2888
cg03160378,chr21,44880699,LINC01669,1139
cg10380293,chr21,44902814,LINC01669,3401
cg00775094,chr21,44904823,LINC01669,5410
cg04550439,chr21,44904940,LINC01669,5527
cg27462210,chr21,44905011,LINC01669,5598
cg12955277,chr21,44905063,LINC01669,5650
cg00929871,chr21,44905244,LINC01669,5831
cg14386999,chr21,44906671,LINC01669,7258
cg03692708,chr21,44908259,LINC01669,8846
cg06279535,chr21,45135998,PDXK,3010
cg16149927,chr21,45198591,CSTB,2403
cg12249789,chr21,45203403,RRP1,6053
cg22669624,chr21,45205510,RRP1,3946
cg02956715,chr21,45206376,RRP1,3080
cg05529899,chr21,45206767,RRP1,2689
cg08650934,chr21,45246251,AATBC,13804
cg22316093,chr21,45246307,AATBC,13860
cg11170318,chr21,45246362,AATBC,13915
cg11359720,chr21,45246440,AATBC,13993
cg25315503,chr21,45247037,AATBC,14590
cg19904322,chr21,45249836,AATBC,17389
cg14920503,chr21,45429154,TRAPPC10,3034
cg06486129,chr21,45573409,LINC01678,5245
cg00161791,chr21,45575013,LINC01678,3641
cg22726155,chr21,45575558,LINC01678,3096
cg19344545,chr21,45575572,LINC01678,3082
cg08039560,chr21,45575831,LINC01678,2823
cg01772743,chr21,45576084,LINC01678,2570
cg03738656,chr21,45581007,LINC01678,1263
cg25832747,chr21,45581540,LINC01678,1796
cg23794133,chr21,45581607,LINC01678,1863
cg23564309,chr21,45582447,LINC01678,2703
cg25115941,chr21,45582496,LINC01678,2752
cg10105268,chr21,45583762,LINC01678,4018
cg10257895,chr21,45584141,LINC01678,4397
cg11767442,chr21,45584431,LINC01678,4687
cg08443717,chr21,45585346,LINC01678,5602
cg00377065,chr21,45586586,LINC01678,6842
cg18749043,chr21,45586633,LINC01678,6889
cg14092208,chr21,45588220,LINC01678,8476
cg19116956,chr21,45619448,ICOSLG,23428
cg02087289,chr21,45622095,ICOSLG,20781
cg20198819,chr21,45622121,ICOSLG,20755
cg21305068,chr21,45622218,ICOSLG,20658
cg01992765,chr21,45622492,ICOSLG,20384
cg16424439,chr21,45623004,ICOSLG,19872
cg09762582,chr21,45624177,ICOSLG,18699
cg15348679,chr21,45626490,ICOSLG,16386
cg00429107,chr21,45662812,LOC102723996,1964
cg13053992,chr21,45663170,LOC102723996,2322
cg06907356,chr21,45664137,DNMT3L,2083
cg16087633,chr21,45702038,AIRE,3719
cg18703541,chr21,45762069,CFAP410,2797
cg11150585,chr21,45769976,TRPM2,3506
cg09838568,chr21,45769980,TRPM2,3502
cg05306070,chr21,45770297,TRPM2,3185
cg02477557,chr21,45770389,TRPM2,3093
cg02800013,chr21,45872300,LRRC3-DT,0
cg00106925,chr21,45881104,LRRC3,0
cg20466382,chr21,45881506,LRRC3,0
cg02045981,chr21,45882642,LRRC3,564
cg09121378,chr21,45883589,LRRC3,1511
cg07134627,chr21,45883728,LRRC3,1650
cg12244325,chr21,45883863,LRRC3,1785
cg08461903,chr21,45884824,LRRC3,2746
cg04285033,chr21,46143497,TSPEAR,12011
cg09438382,chr21,46143806,TSPEAR,12320
cg23553008,chr21,46143873,TSPEAR,12387
cg13018197,chr21,46146432,TSPEAR,14946
cg05181597,chr21,46166059,UBE2G2,22434
cg24827626,chr21,46169241,UBE2G2,19252
cg03721140,chr21,46170173,UBE2G2,18320
cg00332248,chr21,46170289,UBE2G2,18204
cg12157440,chr21,46173207,UBE2G2,15286
cg16029659,chr21,46241004,SUMO3,2961
cg08148418,chr21,46267095,PTTG1IP,2403
cg10848140,chr21,46268754,PTTG1IP,744
cg11438134,chr21,46269015,PTTG1IP,483
cg11950982,chr21,46269125,PTTG1IP,373
cg08823554,chr21,46269190,PTTG1IP,308
cg00176309,chr21,46303257,ITGB2,2610
cg27315077,chr21,46404583,LINC00163,5194
cg02579389,chr21,46407003,LINC00163,2774
cg06101661,chr21,46407185,LINC00163,2592
cg10272219,chr21,46407925,LINC00163,1852
cg03234839,chr21,46408036,LINC00163,1741
cg07296260,chr21,46408092,LINC00163,1685
cg14507658,chr21,46408141,LINC00163,1636
cg15765398,chr21,46409993,LINC00163,0
cg23690480,chr21,46410454,LINC00163,0
cg20602417,chr21,46410558,LINC00163,0
cg21275932,chr21,46410876,LINC00163,0
cg11378001,chr21,46411690,LINC00163,0
cg16400350,chr21,46414568,LINC00163,568
cg20756600,chr21,46435805,PICSAR,11164
cg06525127,chr21,46437476,PICSAR,12835
cg13139630,chr21,46438064,PICSAR,13423
cg21536969,chr21,46438174,PICSAR,13533
cg11808885,chr21,46438742,PICSAR,14101
cg00740547,chr21,46439235,PICSAR,14594
cg08846592,chr21,46439341,PICSAR,14700
cg19950556,chr21,46439469,PICSAR,14828
cg23897377,chr21,46441952,PICSAR,17311
cg04564515,chr21,46445690,PICSAR,21049
cg00445318,chr21,46447883,PICSAR,23242
cg12094552,chr21,46449960,PICSAR,25319
cg23687021,chr21,46452393,PICSAR,27752
cg24479382,chr21,46675570,LINC00334,0
cg11663144,chr21,46675769,LINC00334,0
cg06618935,chr21,46677481,LINC00334,0
cg06377222,chr21,46677749,LINC00334,0
cg08450965,chr21,46677778,LINC00334,0
cg10272901,chr21,46677878,LINC00334,0
cg06119162,chr21,46678523,LINC00334,0
cg22633049,chr21,46681293,POFUT2,2555
cg01210084,chr21,46717494,LINC00205,226
cg07521889,chr21,46720181,LINC00205,2913
cg06410273,chr21,46720676,LINC00205,3408
cg23323341,chr21,46722582,LINC00205,5314
cg14180004,chr21,46722776,LINC00205,5508
cg15643703,chr21,46722805,LINC00205,5537
cg15294263,chr21,46723166,LINC00205,5898
cg10719920,chr21,46724842,LINC00205,7574
cg18466173,chr21,46726266,LINC00205,8998
cg22117968,chr21,46768123,LINC00316,6219
cg15140798,chr21,46782484,LINC00316,20580
cg14899046,chr21,46784676,LINC00316,22772
cg20383624,chr21,46785333,LINC00316,23429
cg26958236,chr21,46785337,LINC00316,23433
cg20152484,chr21,46786039,LINC00316,24135
cg09476092,chr21,46787124,LINC00316,25220
cg06868026,chr21,46787812,LINC00316,25908
cg11774346,chr21,46797898,COL18A1,27180
cg26883837,chr21,46798243,COL18A1,26835
cg00705508,chr21,46798396,COL18A1,26682
cg18326819,chr21,46801256,COL18A1,23822
cg01569601,chr21,46811241,COL18A1,13837
cg22410724,chr21,46812995,COL18A1,12083
cg23475244,chr21,46813035,COL18A1,12043
cg03122722,chr21,46813144,COL18A1,11934
cg18073115,chr21,46813297,COL18A1,11781
cg23437810,chr21,46816584,COL18A1,8494
cg22260897,chr21,46822282,COL18A1,2796
ch.21.788740F,chr21,46964225,SLC19A1,0
cg14110008,chr21,46966088,SLC19A1,0
cg00820922,chr21,46973176,SLC19A1,0
cg16376461,chr21,46973298,SLC19A1,0
cg22240348,chr21,46975804,SLC19A1,0
cg25211403,chr21,46975896,SLC19A1,0
cg21139150,chr21,46976174,SLC19A1,0
cg22851299,chr21,46976339,SLC19A1,0
cg00746783,chr21,46977242,SLC19A1,0
cg25143099,chr21,46979543,SLC19A1,0
cg14269083,chr21,47007553,LINC01694,6013
cg08888905,chr21,47008097,LINC01694,5469
cg13840526,chr21,47009145,LINC01694,4421
cg08031958,chr21,47009725,LINC01694,3841
cg09254980,chr21,47010105,LINC01694,3461
cg02983163,chr21,47010460,LINC01694,3106
cg14413354,chr21,47012161,LINC01694,1405
cg24450073,chr21,47013202,LINC01694,364
cg18574298,chr21,47015397,LINC01694,0
cg26666978,chr21,47038530,LINC01694,15561
cg01895398,chr21,47038904,LINC01694,15935
cg16698981,chr21,47049449,PCBP3,14188
cg01848115,chr21,47052150,PCBP3,11487
cg14149623,chr21,47053071,PCBP3,10566
cg07529122,chr21,47054538,PCBP3,9099
cg01917669,chr21,47056697,PCBP3,6940
cg05969018,chr21,47056932,PCBP3,6705
cg06171420,chr21,47058387,PCBP3,5250
cg02458053,chr21,47061441,PCBP3,2196
cg07500325,chr21,47062263,PCBP3,1374
cg16059957,chr21,47062278,PCBP3,1359
cg04753583,chr21,47062564,PCBP3,1073
cg09671060,chr21,47062952,PCBP3,685
cg02184772,chr21,47063027,PCBP3,610
cg23416788,chr21,47064306,PCBP3,0
cg13200482,chr21,47064461,PCBP3,0
ch.21.45966675F,chr21,47142246,PCBP3,0
cg23342358,chr21,47162271,PCBP3,0
cg05707788,chr21,47165436,PCBP3,0
cg07703190,chr21,47165786,PCBP3,0
cg15769689,chr21,47167600,PCBP3,0
cg15239190,chr21,47170465,PCBP3,0
cg07553580,chr21,47172628,PCBP3,0
cg16077168,chr21,47198376,PCBP3,0
cg01932076,chr21,47394658,LOC101928796,0
cg27305917,chr21,47396772,LOC101928796,1906
cg11554566,chr21,47398595,COL6A1,3087
cg06174495,chr21,47399647,COL6A1,2035
cg19315479,chr21,47426938,COL6A1,1977
cg24760717,chr21,47431009,COL6A1,6048
cg02987199,chr21,47434001,COL6A1,9040
cg19469688,chr21,47449363,COL6A1,24402
cg26420795,chr21,47451610,COL6A1,26649
cg04206926,chr21,47453296,COL6A1,28335
cg13604150,chr21,47453519,COL6A1,28558
cg00129785,chr21,47455452,COL6A1,30491
cg25504217,chr21,47455778,COL6A1,30817
cg25439798,chr21,47456314,COL6A1,31353
cg15317049,chr21,47456403,COL6A1,31442
cg12457659,chr21,47456445,COL6A1,31484
cg27144884,chr21,47457187,COL6A1,32226
cg06584329,chr21,47457374,COL6A1,32413
cg22702814,chr21,47457737,COL6A1,32776
cg22391205,chr21,47458586,COL6A1,33625
cg07854182,chr21,47460363,COL6A1,35402
cg06925304,chr21,47469103,COL6A1,44142
cg01209984,chr21,47469678,COL6A1,44717
cg00092565,chr21,47515208,COL6A2,2816
cg01016465,chr21,47580409,SPATC1L,663
cg10351617,chr21,47580737,SPATC1L,335
cg05200811,chr21,47581041,SPATC1L,31
cg12516959,chr21,47718079,YBEY,415
cg25528449,chr21,47720553,C21orf58,0
cg00935361,chr21,47720680,C21orf58,0
ch.21.820555F,chr21,47720934,C21orf58,0
cg09387528,chr21,47876057,DIP2A,2745
cg04375033,chr21,47876637,DIP2A,2165
cg16052237,chr21,48015364,S100B,3151
cg00009944,chr21,48017231,S100B,1284
cg20635920,chr21,48052756,PRMT2,2749
cg04824666,chr21,48085516,PRMT2,481
cg02984790,chr21,48090127,PRMT2,5092
cg07468397,chr21,48090507,PRMT2,5472
cg08821909,chr21,48091010,PRMT2,5975
